sequence,rx_elapsed_ns,kernel_rx_realtime_ns,rx_wall_ns,host_intended_ns,host_packet_stamp_ns,host_wall_ns,packet_bytes,valid
0,28927908318866,1790295773194900270,1790295773198000000,152671725755962,152671725758509,1790295773419862798,1000,1
1,28927918012274,1790295773207091344,1790295773207000000,152671730755962,152671730759807,1790295773424864196,1000,1
2,28927919669718,1790295773208597715,1790295773209000000,152671735755962,152671735758008,1790295773429861645,1000,1
3,28927920163089,1790295773208598011,1790295773210000000,152671740755962,152671740759143,1790295773434863402,1000,1
4,28927923908644,1790295773213317492,1790295773213000000,152671745755962,152671745756764,1790295773439859790,1000,1
5,28927928509904,1790295773218063529,1790295773218000000,152671750755962,152671750757841,1790295773444861409,1000,1
6,28927936442904,1790295773225903863,1790295773226000000,152671755755962,152671755758378,1790295773449862597,1000,1
7,28927939073829,1790295773228288418,1790295773228000000,152671760755962,152671760758421,1790295773454863201,1000,1
8,28927943559866,1790295773233138122,1790295773233000000,152671765755962,152671765758096,1790295773459862265,1000,1
9,28927949860237,1790295773239365826,1790295773239000000,152671770755962,152671770757811,1790295773464861649,1000,1
