file,received,dur_s,kbps,low_latency,spike20_pm,spike50_pm,spike80_pm,spike250,spike500,fps,v_fps,stale_pm,max_gap,max_codec,max_rx,max_inflight,input_waits,max_feed,v_lost_pm,loss_corrected_pm,gap_events,max_gap_pk,fec_rec,fec_unrec,resyncs,largest_jump,jump_packets,max_resync_to_idr,wait_idr_drops,a_under,a_under_pm,a_lost_pm,a_starve,slow_ret,slow_cap,motion,epoch
native_decoder_20260915_125100_287.json,2026-09-15T12:51:00.287Z,23.08,7000,False,416.02,241.81,192.41,28,11,5.42,9.58,223.61,2108,2117,2117,12,24,49,1404.06,,10,122,0,28,28,982,,1192,1704,463,1203.85,9732.19,135,93,128,0,A_pre_flatten
native_decoder_20260915_125118_180.json,2026-09-15T12:51:18.180Z,14.61,7000,False,628.55,357.41,250.6,15,5,8.9,14.45,320.44,1291,1301,1302,12,29,94,2456.69,,19,66,4,17,20,566,,878,1966,219,899.69,4823.01,83,87,128,0,A_pre_flatten
native_decoder_20260915_130919_298.json,2026-09-15T13:09:19.298Z,16.84,7000,False,420.38,270.75,195.94,14,5,3.98,8.37,256.5,2414,2423,2423,10,0,11,1239.76,,7,108,4,12,18,786,,560,1344,796,2835.77,6843.61,67,76,128,0,A_pre_flatten
native_decoder_20260915_131352_805.json,2026-09-15T13:13:52.805Z,21.88,7000,False,825.52,356.54,211.18,22,3,16.59,21.85,304.43,655,667,668,5,0,10,87.76,,3,29,2,4,3,1592,,368,374,1164,3192.39,9143.85,58,128,128,0,A_pre_flatten
native_decoder_20260915_131619_839.json,2026-09-15T13:16:19.839Z,22.75,7000,False,237.38,152.98,116.05,18,6,2.51,5.14,145.07,4894,4903,4903,11,9,23,1155.27,,10,122,7,18,18,1576,,1594,1436,828,2183.93,9416.21,110,58,128,0,A_pre_flatten
native_decoder_20260915_132031_208.json,2026-09-15T13:20:31.208Z,20.39,7000,False,306.05,188.34,132.42,19,9,3.29,6.28,161.85,4019,4028,4029,11,35,101,2.94,,1,1,4,15,18,1474,,1021,1013,730,2148.22,9546.32,104,64,128,0,A_pre_flatten
native_decoder_20260915_132450_322.json,2026-09-15T13:24:50.322Z,20.21,7000,False,192.97,130.63,118.75,21,7,1.58,3.96,127.66,6150,6165,6166,6,0,18,353.29,,1,119,4,13,14,1672,,1263,754,960,2850.07,11682.34,73,44,128,0,A_pre_flatten
native_decoder_20260915_132723_484.json,2026-09-15T13:27:23.484Z,22.36,7000,False,319.32,211.99,174.42,20,9,4.16,7.65,195.89,4713,4724,4724,12,11,36,2447.23,,14,122,5,19,21,1187,,1406,1803,781,2095.71,8433.81,114,79,128,0,A_pre_flatten
native_decoder_20260916_012522_979.json,2026-09-16T01:25:22.979Z,105.47,7000,False,1583.78,321.42,183.18,43,9,34.41,38.78,260.55,1832,1841,1842,11,54,160,2657.27,,103,121,16,53,67,1105,,1038,5235,12020,6838.03,0.0,1,128,128,0,A_pre_flatten
native_decoder_20260916_013141_222.json,2026-09-16T01:31:41.222Z,41.24,7000,False,1027.16,334.63,208.05,21,12,21.29,26.26,279.34,1350,1360,1360,11,29,92,4728.42,,66,125,11,29,38,622,,755,4325,5268,7664.4,0.0,1,128,128,0,A_pre_flatten
native_decoder_20260916_043925_147.json,2026-09-16T04:39:25.147Z,12.89,7000,False,2444.32,339.88,135.02,0,0,52.38,57.81,270.04,139,148,148,11,38,77,135.02,,3,21,3,1,0,0,,0,0,111,516.8,23.28,13,73,128,15,A_pre_flatten
native_decoder_20260916_044132_666.json,2026-09-16T04:41:32.666Z,14.3,7000,False,2597.2,293.71,117.48,0,0,54.34,58.18,197.2,96,105,106,11,7,19,193.01,,3,20,1,0,0,0,,0,0,80,335.66,0.0,12,70,128,0,A_pre_flatten
native_decoder_20260916_044558_546.json,2026-09-16T04:45:58.546Z,141.42,7000,False,2540.17,285.12,75.95,5,0,54.87,57.96,177.35,367,378,379,9,0,33,636.42,,56,117,10,4,4,201,,218,250,137,58.13,184.56,168,128,128,15,A_pre_flatten
native_decoder_20260916_045148_738.json,2026-09-16T04:51:48.738Z,34.89,7000,False,2493.77,283.77,99.75,2,0,53.46,57.27,206.38,449,458,459,8,0,28,526.27,,22,38,2,2,2,137,,199,148,316,543.47,27880.3,36,128,128,82,A_pre_flatten
native_decoder_20260916_045228_163.json,2026-09-16T04:52:28.163Z,14.97,7000,False,2520.54,244.44,120.22,1,0,53.1,56.9,192.35,288,298,298,11,2,20,392.71,,7,32,4,1,1,150,,214,184,71,284.51,116.21,14,61,128,59,A_pre_flatten
native_decoder_20260916_051112_733.json,2026-09-16T05:11:12.733Z,1085.0,7000,False,2538.81,267.93,65.03,58,15,54.66,57.69,176.57,2035,2043,2043,9,0,43,407.23,,283,121,39,11,72,327,,558,5073,211,11.67,269.09,1242,128,128,516,A_pre_flatten
native_decoder_20260916_053042_232.json,2026-09-16T05:30:42.232Z,104.59,7000,False,2557.49,277.09,80.89,3,1,54.97,58.35,195.05,499,510,510,12,8,29,376.91,,35,108,7,1,3,222,,369,147,83,47.62,124.49,123,128,128,6,A_pre_flatten
native_decoder_20260916_053934_287.json,2026-09-16T05:39:34.287Z,7.98,7000,False,2382.26,360.72,105.21,0,0,51.1,57.24,270.54,169,179,179,7,0,14,202.91,,2,19,1,0,0,0,,0,0,82,616.23,15.03,12,48,128,0,A_pre_flatten
native_decoder_20260916_061302_210.json,2026-09-16T06:13:02.210Z,34.62,7000,False,2400.14,282.47,90.11,0,0,55.22,58.75,197.56,145,155,156,12,33,42,440.17,,5,112,4,1,0,0,,0,0,82,142.1,98.78,42,128,128,237,A_pre_flatten
native_decoder_20260916_063923_577.json,2026-09-16T06:39:23.577Z,886.54,7000,False,2535.31,274.91,70.18,52,8,54.74,57.86,183.48,934,944,945,12,15,41,408.85,,249,124,31,10,48,305,,716,4503,162,10.96,207.57,1023,128,128,1,A_pre_flatten
native_decoder_20260916_065607_610.json,2026-09-16T06:56:07.610Z,16.78,7000,False,2603.56,261.07,53.64,0,0,54.18,57.58,164.51,218,226,227,8,0,18,85.83,,4,9,1,0,0,0,,0,0,121,432.74,17.88,14,73,128,79,A_pre_flatten
native_decoder_20260916_070357_857.json,2026-09-16T07:03:57.857Z,220.59,7000,False,2564.88,290.22,84.59,7,1,55.23,58.63,196.92,598,607,607,12,30,66,353.59,,66,120,18,0,4,206,,490,489,128,34.81,99.55,262,128,128,0,A_pre_flatten
native_decoder_20260916_071057_932.json,2026-09-16T07:10:57.932Z,21.37,7000,False,2723.83,275.19,58.97,0,0,54.43,58.5,216.22,133,143,143,8,0,16,56.16,,5,15,0,0,0,0,,0,0,91,255.53,22.46,12,98,128,150,A_pre_flatten
native_decoder_20260916_071604_543.json,2026-09-16T07:16:04.543Z,34.76,7000,False,2526.97,262.36,75.95,1,0,55.87,59.32,193.32,363,372,373,11,0,46,43.15,,1,25,0,0,0,0,,0,0,124,214.03,17.26,56,128,128,56,A_pre_flatten
native_decoder_20260916_071650_057.json,2026-09-16T07:16:50.057Z,30.63,7000,False,2434.71,223.3,88.14,1,0,56.44,59.48,162.58,249,258,259,12,17,40,35.26,,2,15,0,1,0,0,,0,0,84,164.53,3.92,36,114,128,478,A_pre_flatten
native_decoder_20260916_071749_325.json,2026-09-16T07:17:49.325Z,35.45,7000,False,2486.18,247.09,96.47,1,0,55.65,58.67,165.86,284,292,293,10,0,16,418.03,,10,70,0,1,1,175,,208,140,56,94.78,13.54,35,128,128,689,A_pre_flatten
native_decoder_20260916_071912_421.json,2026-09-16T07:19:12.421Z,37.12,7000,False,2555.15,244.04,54.95,0,0,55.65,58.61,153.54,150,159,159,10,0,27,6.46,,1,4,0,0,0,0,,0,0,69,111.52,8.08,40,128,128,224,A_pre_flatten
native_decoder_20260916_154654_589.json,2026-09-16T15:46:54.589Z,97.39,7000,False,2511.78,192.83,65.92,2,0,57.23,59.41,126.3,183,237,262,12,76,168,174.97,,15,107,11,0,1,152,,28,0,130,80.09,50.52,80,128,128,1721,A_pre_flatten
native_decoder_20260916_154709_590.json,2026-09-16T15:47:09.590Z,7.0,7000,False,2664.95,385.6,188.52,0,0,49.41,56.13,325.62,107,119,119,12,13,34,1251.07,,6,31,1,0,0,0,,0,0,83,711.23,8.57,3,45,128,0,A_pre_flatten
native_decoder_20260916_155021_258.json,2026-09-16T15:50:21.258Z,139.01,7000,False,2474.14,206.75,64.31,1,0,57.36,59.8,141.14,290,300,304,12,15,92,58.27,,7,33,9,1,0,0,,0,0,53,22.88,10.36,151,128,128,1814,A_pre_flatten
native_decoder_20260916_155111_444.json,2026-09-16T15:51:11.444Z,43.47,7000,False,2455.77,207.06,74.54,1,0,56.21,59.2,151.85,299,309,309,10,0,36,280.23,,9,35,1,0,0,0,,0,0,94,129.76,11.04,43,128,128,652,A_pre_flatten
native_decoder_20260916_155233_304.json,2026-09-16T15:52:33.304Z,75.96,7000,False,2467.58,206.95,63.98,0,0,57.15,59.62,137.44,164,174,175,12,17,40,78.99,,8,28,0,0,0,0,,0,0,126,99.52,7.9,80,128,128,1035,A_pre_flatten
native_decoder_20260916_155305_663.json,2026-09-16T15:53:05.663Z,25.74,7000,False,2426.67,272.74,109.56,0,0,54.94,58.82,212.13,128,137,137,13,8,35,284.39,,8,32,0,0,0,0,,0,0,113,263.41,4.66,25,117,128,331,A_pre_flatten
native_decoder_20260916_160543_193.json,2026-09-16T16:05:43.193Z,138.13,7000,False,2555.47,305.37,69.07,2,0,56.59,59.73,179.83,357,366,366,11,36,99,8.69,,1,20,2,1,1,128,,231,129,117,50.82,27.8,159,128,128,101,A_pre_flatten
native_decoder_20260916_165224_715.json,2026-09-16T16:52:24.715Z,60.88,7000,False,2503.33,268.07,94.61,1,0,55.08,58.74,203.03,323,332,333,10,0,27,33.51,,2,28,6,0,0,0,,0,0,82,80.82,3.94,49,128,128,242,A_pre_flatten
native_decoder_20260916_165324_181.json,2026-09-16T16:53:24.181Z,31.39,7000,False,2622.32,258.03,86.01,0,0,56.19,59.28,166.28,125,134,137,11,23,93,135.7,,5,20,0,0,0,0,,0,0,67,128.06,0.0,26,128,128,61,A_pre_flatten
native_decoder_20260916_165441_084.json,2026-09-16T16:54:41.084Z,51.12,7000,False,2548.37,251.2,82.17,0,0,55.76,59.16,184.29,170,179,179,12,30,75,269.98,,15,33,1,0,0,0,,0,0,68,79.82,11.74,53,128,128,80,A_pre_flatten
native_decoder_20260916_165624_672.json,2026-09-16T16:56:24.672Z,62.26,7000,False,2651.1,207.19,47.22,0,0,57.52,59.8,124.32,99,134,146,11,34,128,0.0,,0,0,1,0,0,0,,0,0,76,73.24,15.42,61,128,128,38,A_pre_flatten
native_decoder_20260916_165849_286.json,2026-09-16T16:58:49.286Z,14.65,7000,False,2505.8,343.93,102.36,0,0,54.59,59.16,245.67,105,127,142,13,22,62,0.0,,0,0,1,0,0,0,,0,0,101,413.54,0.0,19,84,128,4,A_pre_flatten
native_decoder_20260916_165941_190.json,2026-09-16T16:59:41.190Z,19.48,7000,False,2569.45,280.36,77.02,0,0,55.15,59.1,197.18,143,152,152,11,0,25,172.53,,2,35,1,0,0,0,,0,0,69,212.58,0.0,23,91,128,79,A_pre_flatten
native_decoder_20260916_170052_424.json,2026-09-16T17:00:52.424Z,28.55,7000,False,2587.22,241.7,79.87,1,0,55.52,58.95,182.85,304,315,315,11,29,89,52.54,,2,15,3,1,1,128,,246,131,102,214.38,4.2,31,115,128,261,A_pre_flatten
native_decoder_20260916_170253_798.json,2026-09-16T17:02:53.798Z,65.84,7000,False,2678.43,254.26,87.49,1,0,54.73,58.54,201.41,345,355,356,11,0,52,677.13,,42,65,0,0,0,0,,0,0,120,109.36,17.32,67,128,128,5,A_pre_flatten
native_decoder_20260916_195151_280.json,2026-09-16T19:51:51.280Z,176.36,7000,False,2564.14,273.19,102.06,0,0,55.22,58.95,204.46,225,245,246,14,27,215,493.98,,83,91,4,1,0,0,,0,0,116,39.46,11.91,176,128,128,211,A_pre_flatten
native_decoder_20260916_195428_208.json,2026-09-16T19:54:28.208Z,141.69,7000,False,2674.15,291.76,143.98,6,0,52.9,57.91,246.03,362,373,373,13,14,44,620.37,,145,47,3,1,0,0,,0,0,92,38.96,8.05,178,128,128,348,A_pre_flatten
native_decoder_20260916_200901_254.json,2026-09-16T20:09:01.254Z,19.44,7000,False,2534.08,388.91,225.32,4,0,46.25,56.9,336.44,440,451,452,13,23,60,1487.73,,25,41,1,0,0,0,,0,0,143,441.38,12.35,48,126,128,0,A_pre_flatten
native_decoder_20260916_200935_912.json,2026-09-16T20:09:35.912Z,18.05,7000,False,2160.07,498.48,216.01,6,1,48.46,54.28,325.67,691,700,700,11,54,94,3.32,,1,1,5,0,3,336,,159,482,149,495.15,309.06,106,128,128,0,A_pre_flatten
native_decoder_20260916_201040_974.json,2026-09-16T20:10:40.974Z,45.16,7000,False,2536.48,276.37,75.74,4,0,55.5,59.35,196.65,406,415,415,11,13,39,268.4,,9,40,1,1,0,0,,0,0,191,253.78,34.55,93,128,128,0,A_pre_flatten
native_decoder_20260916_201113_188.json,2026-09-16T20:11:13.188Z,20.95,7000,False,2271.23,504.08,191.89,12,0,46.73,52.94,340.83,471,481,482,12,56,64,1159.96,,28,70,29,11,4,281,,33,427,207,592.87,8363.17,96,128,128,0,A_pre_flatten
native_decoder_20260916_201153_615.json,2026-09-16T20:11:53.615Z,23.82,7000,False,2344.99,279.59,78.08,1,0,54.83,58.73,211.58,278,291,297,11,0,19,37.78,,1,15,1,1,1,128,,209,117,117,294.7,12.59,31,111,128,504,A_pre_flatten
native_decoder_20260916_201251_291.json,2026-09-16T20:12:51.291Z,38.2,7000,False,2622.76,260.71,78.53,1,0,55.02,58.61,199.46,286,298,298,11,15,58,447.6,,14,74,1,2,1,128,,186,326,41,64.39,7.85,32,128,128,6,A_pre_flatten
native_decoder_20260916_201342_956.json,2026-09-16T20:13:42.956Z,38.8,7000,False,2648.63,310.78,128.33,1,0,52.54,57.85,253.58,242,250,251,12,2,32,811.75,,37,42,2,1,0,0,,0,0,85,131.43,15.46,41,128,128,18,A_pre_flatten
native_decoder_20260916_201635_127.json,2026-09-16T20:16:35.127Z,166.63,7000,False,2605.47,285.54,104.78,3,0,54.72,58.68,215.32,251,262,262,12,10,38,522.82,,104,73,1,0,0,0,,0,0,79,28.45,10.08,163,128,128,1769,A_pre_flatten
native_decoder_20260916_201848_292.json,2026-09-16T20:18:48.292Z,54.58,7000,False,2651.76,301.24,131.93,0,0,53.6,57.87,234.17,189,199,199,12,28,101,768.48,,54,41,2,1,0,0,,0,0,76,83.55,5.5,53,128,128,139,A_pre_flatten
native_decoder_20260916_202159_619.json,2026-09-16T20:21:59.619Z,59.7,7000,False,2707.36,299.48,135.67,0,0,53.66,58.14,241.19,231,242,242,13,33,70,497.45,,51,32,0,1,0,0,,0,0,107,107.53,6.03,46,128,128,31,A_pre_flatten
native_decoder_20260916_202553_010.json,2026-09-16T20:25:53.010Z,58.77,7000,False,2642.16,326.7,149.06,4,0,52.44,57.87,260.34,342,363,367,11,17,52,557.43,,47,25,2,1,1,128,,210,116,121,123.53,11.23,95,128,128,69,A_pre_flatten
native_decoder_20260916_202747_546.json,2026-09-16T20:27:47.546Z,35.74,7000,False,2585.56,308.92,124.24,1,0,53.03,57.67,236.73,274,285,285,11,0,33,491.93,,27,36,2,1,1,128,,208,117,91,152.78,1.68,44,128,128,59,A_pre_flatten
native_decoder_20260916_203329_960.json,2026-09-16T20:33:29.960Z,93.09,7000,False,2556.83,301.64,102.48,2,0,55.3,59.1,194.0,298,308,308,11,44,77,392.51,,37,35,2,0,0,0,,0,0,83,53.5,6.45,112,128,128,1483,A_pre_flatten
native_decoder_20260916_205023_544.json,2026-09-16T20:50:23.544Z,58.45,7000,False,2425.66,254.58,95.47,3,0,55.5,59.26,183.75,236,256,277,12,34,129,95.47,,7,20,2,0,1,128,,105,129,117,120.1,9.24,65,128,128,970,A_pre_flatten
native_decoder_20260916_205045_149.json,2026-09-16T20:50:45.149Z,14.13,7000,False,2675.35,326.99,195.34,1,0,50.25,57.47,288.77,292,300,300,11,0,32,721.92,,12,35,0,0,0,0,,0,0,89,377.95,0.0,23,77,128,0,A_pre_flatten
native_decoder_20260916_205406_641.json,2026-09-16T20:54:06.641Z,144.76,7000,False,2551.55,262.37,88.7,0,0,55.46,58.73,179.06,221,237,238,8,0,30,920.56,,77,65,3,1,0,0,,0,0,166,68.8,4.97,170,128,128,1926,A_pre_flatten
native_decoder_20260916_205648_658.json,2026-09-16T20:56:48.658Z,152.08,7000,False,2515.49,279.32,90.74,3,0,55.62,59.15,190.56,343,354,355,11,20,53,549.97,,60,67,2,1,0,0,,0,0,123,48.53,12.62,195,128,128,2413,A_pre_flatten
native_decoder_20260916_205729_132.json,2026-09-16T20:57:29.132Z,28.5,7000,False,2551.85,292.66,109.49,0,0,54.32,58.5,216.86,171,179,180,12,0,28,726.39,,14,46,0,0,0,0,,0,0,77,162.12,0.0,29,128,128,412,A_pre_flatten
native_decoder_20260917_060418_715.json,2026-09-17T06:04:18.715Z,38.86,7000,False,2431.56,234.66,69.47,1,0,56.66,59.34,159.02,250,260,260,10,0,38,211.51,,2,105,5,0,0,0,,0,0,128,197.61,61.75,57,128,128,506,A_pre_flatten
native_decoder_20260917_060451_582.json,2026-09-17T06:04:51.582Z,26.44,7000,False,2824.84,356.22,183.78,1,0,51.51,57.97,313.11,423,431,432,12,15,40,526.4,,20,29,1,0,0,0,,0,0,116,263.2,15.88,27,128,128,0,A_pre_flatten
native_decoder_20260917_060609_952.json,2026-09-17T06:06:09.952Z,63.56,7000,False,2419.48,251.11,85.9,1,0,55.74,59.35,198.24,284,294,296,11,36,83,127.44,,13,25,2,1,0,0,,0,0,108,101.95,10.38,78,128,128,894,A_pre_flatten
native_decoder_20260917_063036_464.json,2026-09-17T06:30:36.464Z,228.73,7000,False,2371.86,295.11,87.35,6,0,56.24,59.55,195.69,202,267,269,11,93,200,246.31,,45,83,13,2,0,0,,0,0,107,28.07,9.44,323,128,128,3214,A_pre_flatten
native_decoder_20260917_063147_965.json,2026-09-17T06:31:47.965Z,60.76,7000,False,2435.32,276.52,89.87,1,0,55.57,58.87,181.71,401,409,411,11,27,104,368.36,,16,53,1,2,1,128,,259,209,80,79.0,26.66,77,128,128,1689,A_pre_flatten
native_decoder_20260917_063341_393.json,2026-09-17T06:33:41.393Z,102.3,7000,False,2442.79,263.34,90.91,0,0,56.32,59.25,168.33,179,189,190,10,12,139,372.43,,33,68,4,0,0,0,,0,0,89,52.2,21.7,130,128,128,2457,A_pre_flatten
native_decoder_20260917_153716_441.json,2026-09-17T15:37:16.441Z,80.47,7000,False,2511.31,273.65,90.97,0,0,56.16,59.33,162.55,223,233,234,11,0,60,288.56,,21,51,1,1,0,0,,0,0,82,61.14,5.22,88,128,128,1835,A_pre_flatten
native_decoder_20260917_153921_894.json,2026-09-17T15:39:21.894Z,113.48,7000,False,2585.45,255.9,58.69,2,0,56.56,59.37,152.27,269,277,278,12,0,43,329.92,,29,43,0,0,0,0,,0,0,102,53.93,4.23,106,128,128,967,A_pre_flatten
native_decoder_20260917_154300_872.json,2026-09-17T15:43:00.872Z,208.22,7000,False,2532.0,230.23,63.39,2,0,57.26,59.7,138.6,313,324,324,11,0,41,196.23,,25,39,1,0,0,0,,0,0,70,20.17,2.88,211,128,128,4613,A_pre_flatten
native_decoder_20260917_155314_545.json,2026-09-17T15:53:14.545Z,213.76,7000,False,2515.47,217.53,57.54,3,0,57.36,59.66,130.8,275,283,284,12,21,56,111.71,,29,42,0,1,0,0,,0,0,140,39.3,3.09,193,128,128,5166,A_pre_flatten
native_decoder_20260917_155657_636.json,2026-09-17T15:56:57.636Z,65.0,7000,False,2652.96,287.08,92.31,0,0,55.0,58.54,199.39,146,156,157,12,2,49,468.01,,40,42,0,0,0,0,,0,0,76,70.15,8.31,55,128,128,394,A_pre_flatten
native_decoder_20260917_155954_787.json,2026-09-17T15:59:54.787Z,154.23,7000,False,2508.87,218.25,56.02,1,0,57.23,59.57,131.49,285,294,294,13,12,42,163.78,,26,54,0,0,0,0,,0,0,129,50.19,1.95,144,128,128,4110,A_pre_flatten
native_decoder_20260917_160237_135.json,2026-09-17T16:02:37.135Z,13.14,7000,False,2652.16,351.49,196.29,0,0,49.91,56.83,314.97,237,245,247,13,30,48,794.28,,15,23,1,0,0,0,,0,0,70,319.54,22.82,11,77,128,0,A_pre_flatten
native_decoder_20260917_160525_558.json,2026-09-17T16:05:25.558Z,114.99,7000,False,2604.29,243.16,74.1,0,0,56.01,59.18,178.98,209,220,220,12,6,30,266.64,,40,64,0,0,0,0,,0,0,107,55.83,13.04,97,128,128,1368,A_pre_flatten
native_decoder_20260917_160909_556.json,2026-09-17T16:09:09.556Z,80.46,7000,False,2531.63,235.64,70.84,0,0,56.46,59.27,158.83,117,126,127,12,5,30,347.49,,23,42,2,0,0,0,,0,0,82,61.15,0.0,69,128,128,1506,A_pre_flatten
native_decoder_20260917_161148_187.json,2026-09-17T16:11:48.187Z,87.24,7000,False,2485.61,233.84,71.53,0,0,56.97,59.49,143.06,150,163,172,13,7,29,169.19,,15,39,0,0,0,0,,0,0,112,77.03,0.0,78,128,128,2174,A_pre_flatten
native_decoder_20260917_161354_863.json,2026-09-17T16:13:54.863Z,115.66,7000,False,2553.93,231.89,66.4,0,0,57.05,59.56,140.59,236,246,246,13,3,22,198.69,,18,52,0,0,0,0,,0,0,102,52.92,8.3,107,128,128,2240,A_pre_flatten
native_decoder_20260917_193719_522.json,2026-09-17T19:37:19.522Z,19.4,7000,False,2468.42,293.86,111.36,0,0,55.37,58.98,207.25,129,138,139,7,0,20,129.92,,3,27,0,0,0,0,,0,0,93,287.67,9.28,16,95,128,103,A_pre_flatten
native_decoder_20260918_060239_956.json,2026-09-18T06:02:39.956Z,8.74,7000,False,2689.54,274.44,123.5,1,0,51.69,55.0,185.25,280,295,296,9,0,23,0.0,,0,0,2,0,0,0,,0,0,101,692.97,6.86,14,40,128,4,A_pre_flatten
native_decoder_20260918_060825_348.json,2026-09-18T06:08:25.348Z,132.72,7000,False,2673.64,254.98,84.54,1,0,55.76,59.37,200.73,256,267,269,11,0,40,149.64,,35,61,11,3,0,0,,0,0,126,56.96,18.99,112,128,128,18,A_pre_flatten
native_decoder_20260918_060938_384.json,2026-09-18T06:09:38.384Z,29.56,7000,False,2514.63,265.87,83.21,0,0,56.22,59.5,180.63,102,116,131,12,22,53,14.21,,1,7,3,0,0,0,,0,0,71,144.1,4.06,22,128,128,136,A_pre_flatten
native_decoder_20260918_061123_548.json,2026-09-18T06:11:23.548Z,81.51,7000,False,2477.85,242.93,72.88,0,0,56.73,59.85,181.09,197,206,207,13,18,69,1.47,,1,2,2,1,0,0,,0,0,42,30.92,17.67,110,128,128,1284,A_pre_flatten
native_decoder_20260918_061752_268.json,2026-09-18T06:17:52.268Z,79.01,7000,False,2658.62,270.34,94.16,0,0,55.59,59.35,205.79,217,228,228,11,0,35,77.46,,16,35,6,1,0,0,,0,0,74,56.19,33.41,78,128,128,19,A_pre_flatten
native_decoder_20260918_063453_157.json,2026-09-18T06:34:53.157Z,1002.05,7000,False,2663.33,281.06,101.85,9,0,55.82,59.89,232.44,331,340,343,11,20,44,28.02,,51,51,25,4,0,0,,0,0,141,8.44,4.43,980,128,128,3247,A_pre_flatten
native_decoder_20260918_154452_755.json,2026-09-18T15:44:52.755Z,34.02,7000,False,2638.6,442.71,165.79,11,0,53.0,58.97,315.72,338,346,347,11,106,214,44.09,,3,13,1,0,0,0,,0,0,149,262.8,7.06,44,128,128,16,A_pre_flatten
native_decoder_20260918_182638_152.json,2026-09-18T18:26:38.152Z,41.73,7000,False,2567.75,334.99,90.58,0,0,55.81,59.59,222.85,234,243,244,9,0,42,17.25,,2,8,2,1,0,0,,0,0,140,201.28,4.31,58,128,128,8,A_pre_flatten
native_decoder_20260918_182831_702.json,2026-09-18T18:28:31.702Z,65.3,7000,False,2450.69,257.29,84.54,1,0,55.98,59.3,179.18,318,326,327,11,55,138,35.84,,4,12,1,1,2,128,,241,118,115,105.67,3.68,70,128,128,69,A_pre_flatten
native_decoder_20260918_184109_699.json,2026-09-18T18:41:09.699Z,64.84,7000,False,2494.68,263.72,74.03,2,0,56.0,59.33,170.26,287,297,298,12,29,36,30.54,,4,13,1,2,2,128,,191,123,110,101.79,6.48,102,128,128,82,A_pre_flatten
native_decoder_20260919_014317_326.json,2026-09-19T01:43:17.326Z,23.38,7000,False,2376.39,431.14,210.44,27,4,40.08,46.45,310.52,854,867,882,12,98,242,408.04,,20,24,8,4,0,0,,0,0,846,2171.09,164.24,92,128,128,24,B_flat_pre_L2b
native_decoder_20260919_014339_299.json,2026-09-19T01:43:39.299Z,19.57,7000,False,778.54,248.28,159.39,10,6,13.44,21.66,199.23,1374,1392,1394,14,9,83,389.27,,13,32,3,2,3,2364,,261,279,3292,10090.42,1293.49,12,81,128,0,B_flat_pre_L2b
native_decoder_20260919_014602_305.json,2026-09-19T01:46:02.305Z,26.32,7000,False,2543.98,275.83,98.02,1,0,55.39,59.34,184.64,408,418,419,12,7,40,54.71,,2,19,1,0,0,0,,0,0,129,294.06,4.56,46,121,128,26,B_flat_pre_L2b
native_decoder_20260919_015102_947.json,2026-09-19T01:51:02.947Z,72.67,7000,False,2439.7,288.14,94.95,5,0,56.1,59.73,200.62,309,319,323,11,64,96,47.06,,3,34,0,0,0,0,,0,0,144,118.89,4.95,130,128,128,91,B_flat_pre_L2b
native_decoder_20260919_024150_356.json,2026-09-19T02:41:50.356Z,63.72,7000,False,2553.71,320.16,151.6,3,0,52.51,57.86,260.83,359,367,368,11,0,41,499.07,806.98,38,42,2,0,3,194,327,210,19,145,136.54,54.61,104,94,128,16,C_post_L2b
native_decoder_20260919_035305_944.json,2026-09-19T03:53:05.944Z,76.69,7000,False,2550.49,245.66,123.61,4,0,54.3,58.51,186.2,281,290,298,11,35,63,467.07,467.07,27,104,12,0,0,0,0,0,0,216,168.99,93.1,164,64,128,52,C_post_L2b
native_decoder_20260919_040613_957.json,2026-09-19T04:06:13.957Z,50.63,7000,False,2474.57,203.84,78.22,2,0,56.99,59.57,139.85,345,353,354,10,0,36,68.74,68.74,5,35,4,0,0,0,0,0,0,131,155.25,15.41,77,64,128,721,C_post_L2b
native_decoder_20260919_042611_053.json,2026-09-19T04:26:11.053Z,55.33,7000,True,159.4,20.6,16.27,0,0,59.02,59.4,17.35,385,107,111,12,11,40,58.55,58.55,5,31,6,2,0,0,0,0,0,178,193.01,9.76,84,19,128,766,L2c
native_decoder_20260919_043433_792.json,2026-09-19T04:34:33.792Z,44.87,7000,False,2396.15,286.15,98.95,0,0,55.74,59.5,204.58,221,231,231,11,22,76,52.15,52.15,2,35,2,0,0,0,0,0,0,153,204.58,8.02,57,64,128,587,C_post_L2b
native_decoder_20260919_044124_426.json,2026-09-19T04:41:24.426Z,17.8,7000,False,2612.65,306.78,155.07,2,0,50.85,56.92,259.58,424,433,433,11,38,99,424.77,856.28,13,23,0,2,1,128,128,213,117,131,441.62,6.74,29,75,128,0,C_post_L2b
native_decoder_20260919_044235_857.json,2026-09-19T04:42:35.857Z,43.8,7000,False,2409.75,250.7,78.09,0,0,56.28,59.48,176.72,126,140,141,11,0,14,20.55,20.55,3,11,2,1,0,0,0,0,0,125,171.24,16.44,69,64,128,581,C_post_L2b
native_decoder_20260919_044347_030.json,2026-09-19T04:43:47.030Z,34.35,7000,False,2483.84,237.55,97.82,1,0,56.27,59.59,176.42,244,253,253,14,10,47,5.24,5.24,1,3,0,0,0,0,0,0,0,125,218.34,6.99,53,64,128,426,C_post_L2b
native_decoder_20260919_044641_841.json,2026-09-19T04:46:41.841Z,43.31,7000,False,2445.11,198.1,60.95,4,0,56.91,59.25,130.22,338,346,347,11,44,101,268.75,268.75,5,103,1,0,0,0,0,0,0,128,177.32,83.12,53,64,128,651,C_post_L2b
native_decoder_20260919_045155_476.json,2026-09-19T04:51:55.476Z,267.65,7000,False,2505.6,248.16,66.58,12,1,56.07,59.14,163.87,534,543,543,11,1,46,137.64,413.15,24,109,10,8,7,283,1229,231,433,101,22.64,97.07,376,117,128,3075,C_post_L2b
native_decoder_20260919_050513_878.json,2026-09-19T05:05:13.878Z,183.02,7000,False,2422.07,277.35,83.93,15,0,56.04,59.4,182.61,387,395,395,11,38,86,173.75,264.89,18,97,14,0,2,144,278,338,216,156,51.14,66.22,337,96,128,3910,C_post_L2b
native_decoder_20260919_050856_210.json,2026-09-19T05:08:56.210Z,128.48,7000,False,2556.76,301.67,78.45,5,0,55.4,59.28,206.41,417,425,426,12,21,37,172.32,309.61,18,61,5,1,2,148,294,177,69,132,61.64,50.9,200,84,128,429,C_post_L2b
native_decoder_20260919_050940_682.json,2026-09-19T05:09:40.682Z,31.79,7000,False,2602.95,322.77,143.45,3,0,52.41,57.92,245.38,387,397,398,13,27,44,787.11,787.11,25,41,1,0,0,0,0,0,0,105,198.19,18.88,42,64,128,140,C_post_L2b
native_decoder_20260919_051419_993.json,2026-09-19T05:14:19.993Z,273.0,7000,False,2616.93,255.83,103.3,13,0,54.37,58.53,206.37,408,418,418,11,66,63,543.74,612.09,184,53,11,1,2,167,311,164,50,137,30.11,16.48,339,83,128,1855,C_post_L2b
native_decoder_20260919_051451_855.json,2026-09-19T05:14:51.855Z,21.2,7000,False,2556.26,302.9,138.71,2,0,51.38,57.28,251.95,389,399,400,11,6,35,1152.16,1152.16,20,42,0,0,0,0,0,0,0,113,319.89,0.0,28,64,128,90,C_post_L2b
native_decoder_20260919_051521_058.json,2026-09-19T05:15:21.058Z,22.33,7000,False,2483.09,343.98,110.18,0,0,53.57,57.87,217.67,223,231,232,11,19,77,534.78,534.78,10,50,1,0,0,0,0,0,0,115,309.04,0.0,30,64,128,219,C_post_L2b
native_decoder_20260919_051539_673.json,2026-09-19T05:15:39.673Z,6.58,7000,False,2607.11,455.79,200.55,0,0,48.01,56.52,364.63,144,152,154,13,4,47,811.3,811.3,6,23,1,1,0,0,0,0,0,132,1203.28,0.0,15,50,128,0,C_post_L2b
native_decoder_20260919_052237_301.json,2026-09-19T05:22:37.301Z,57.18,7000,False,2620.1,261.28,88.14,6,0,54.72,58.38,190.97,367,376,376,12,40,79,184.68,539.34,6,109,0,0,3,182,338,245,58,138,144.8,138.51,78,93,128,323,C_post_L2b
native_decoder_20260919_052327_946.json,2026-09-19T05:23:27.946Z,22.51,7000,False,2553.53,191.91,66.64,0,0,55.58,58.64,157.26,219,228,228,10,0,27,34.65,34.65,1,13,1,0,1,0,0,38,0,134,357.17,10.66,34,70,128,278,C_post_L2b
native_decoder_20260919_052416_387.json,2026-09-19T05:24:16.387Z,21.09,7000,False,2543.63,230.46,82.51,2,0,55.34,58.18,145.11,331,339,340,12,32,90,34.14,398.33,1,12,0,1,2,128,128,271,138,113,321.51,2.85,25,77,128,171,C_post_L2b
native_decoder_20260919_053334_269.json,2026-09-19T05:33:34.269Z,71.26,7000,False,2683.53,226.5,69.05,3,0,56.49,59.63,155.77,292,302,303,13,31,79,79.15,79.15,4,57,6,1,1,0,0,40,0,117,98.52,14.31,89,73,128,51,C_post_L2b
native_decoder_20260919_053516_391.json,2026-09-19T05:35:16.391Z,67.36,7000,False,2538.6,282.36,84.62,3,1,54.74,58.82,210.21,584,594,594,12,27,38,378.56,582.54,25,49,8,2,1,229,229,417,52,95,84.62,59.68,110,77,128,42,C_post_L2b
native_decoder_20260919_053717_696.json,2026-09-19T05:37:17.696Z,77.16,7000,False,2490.6,241.05,80.09,3,0,56.49,59.64,174.18,291,302,306,14,23,45,1.56,1.56,2,1,5,1,1,0,0,59,0,129,100.31,14.0,131,74,128,64,C_post_L2b
native_decoder_20260919_055255_285.json,2026-09-19T05:52:55.285Z,72.5,7000,False,2609.27,213.51,83.58,1,0,56.76,59.64,149.79,242,262,264,13,23,48,20.69,20.69,3,20,9,2,1,0,0,16,0,114,94.34,12.41,114,74,128,127,C_post_L2b
native_decoder_20260919_055524_631.json,2026-09-19T05:55:24.631Z,122.7,7000,False,2635.76,231.79,65.04,4,0,56.43,59.47,164.8,376,384,388,12,5,29,101.71,164.31,15,33,4,2,2,128,128,66,62,127,62.1,22.98,171,85,128,138,C_post_L2b
native_decoder_20260919_055703_163.json,2026-09-19T05:57:03.163Z,66.64,7000,False,2612.02,247.61,74.73,3,0,55.88,59.34,171.97,335,346,346,11,0,32,36.02,151.27,4,13,9,0,2,128,128,197,130,101,90.94,16.21,97,84,128,146,C_post_L2b
native_decoder_20260919_060325_369.json,2026-09-19T06:03:25.369Z,64.84,7000,False,2548.43,260.02,79.58,1,0,56.31,59.56,176.74,307,315,316,13,12,29,24.06,24.06,3,14,2,0,1,0,0,26,0,122,112.89,11.1,109,76,128,103,C_post_L2b
native_decoder_20260919_145112_532.json,2026-09-19T14:51:12.532Z,63.87,7000,False,2159.6,416.14,227.33,37,9,40.58,52.4,326.9,1271,1280,1281,13,137,132,482.83,770.28,36,47,10,3,2,175,306,205,9,612,574.89,142.78,319,72,128,56,C_post_L2b
native_decoder_20260919_180650_692.json,2026-09-19T18:06:50.692Z,100.53,7000,False,2605.79,288.87,127.72,6,1,53.38,57.82,236.35,588,597,598,11,37,111,665.47,911.37,62,110,4,2,3,153,412,332,173,140,83.56,106.83,149,84,128,89,C_post_L2b
native_decoder_20260919_181328_360.json,2026-09-19T18:13:28.360Z,306.27,7000,False,2722.47,281.32,96.38,10,0,54.46,58.66,219.41,440,449,450,13,50,67,482.31,482.31,182,57,7,5,6,0,0,65,0,140,27.43,1.96,327,111,128,85,C_post_L2b
native_decoder_20260919_181926_248.json,2026-09-19T18:19:26.248Z,89.07,7000,False,2681.65,292.35,118.56,3,1,53.44,58.3,245.19,620,633,633,12,50,119,733.56,733.56,76,45,3,0,0,0,0,0,0,145,97.67,0.0,103,64,128,0,C_post_L2b
native_decoder_20260920_000807_389.json,2026-09-20T00:08:07.389Z,142.19,7000,False,1827.5,302.97,137.56,95,49,34.25,39.42,216.89,3783,3792,3793,12,5,56,402.97,14561.8,184,79,88,88,15,29228,33555,2555,2019,6054,2554.54,3481.16,678,128,128,53,C_post_L2b
native_decoder_20260920_002727_753.json,2026-09-20T00:27:27.753Z,849.09,7000,False,2376.3,317.92,69.18,42,13,56.24,59.49,173.9,7341,7350,7350,11,125,70,31.87,359.19,76,41,39,16,1,4632,4632,73,112,2629,185.78,98.36,1230,110,128,3334,C_post_L2b
native_decoder_20260920_041740_386.json,2026-09-20T04:17:40.386Z,9.47,7000,False,2947.39,253.54,57.05,0,0,54.09,56.73,152.12,72,194,196,7,0,24,38.03,38.03,1,6,0,0,0,0,0,0,0,66,418.34,25.35,8,40,128,0,C_post_L2b
native_decoder_20260920_042110_044.json,2026-09-20T04:21:10.044Z,11.69,7000,False,2591.29,266.83,123.15,1,0,53.62,57.81,236.04,364,372,373,12,27,56,0.0,0.0,0,0,4,0,1,0,0,1,28,519,2663.13,10.26,10,52,128,7,C_post_L2b
native_decoder_20260920_042337_250.json,2026-09-20T04:23:37.250Z,88.36,7000,False,2001.88,262.12,111.37,33,11,43.15,46.64,196.93,1997,2012,2016,11,28,148,2094.23,7160.72,58,117,6,14,38,405,7461,664,3226,179,121.55,1546.91,198,128,128,34,C_post_L2b
native_decoder_20260920_042855_107.json,2026-09-20T04:28:55.107Z,141.61,7000,False,2386.63,292.77,130.07,21,5,52.0,56.07,205.06,1062,1071,1072,11,47,130,914.74,2123.52,42,116,15,9,15,373,2853,962,1765,332,140.66,475.38,279,128,128,48,C_post_L2b
native_decoder_20260920_043539_990.json,2026-09-20T04:35:39.990Z,368.19,7000,False,2466.37,286.81,81.97,3,0,56.28,59.5,180.56,262,273,274,11,35,94,40.58,40.58,50,24,23,8,0,0,0,0,0,390,63.55,17.93,436,64,128,2840,C_post_L2b
native_decoder_20260920_043753_487.json,2026-09-20T04:37:53.487Z,60.95,7000,False,2564.31,333.71,95.48,1,0,55.26,59.72,254.95,296,306,307,12,0,63,2.95,2.95,2,2,4,1,0,0,0,0,0,146,143.72,14.77,88,64,128,55,C_post_L2b
native_decoder_20260920_043914_637.json,2026-09-20T04:39:14.637Z,54.89,7000,False,2489.11,267.82,57.94,0,0,56.44,59.76,179.28,196,206,207,12,33,62,0.0,0.0,0,0,2,0,0,0,0,0,0,114,124.62,13.12,69,64,128,20,C_post_L2b
native_decoder_20260920_044019_820.json,2026-09-20T04:40:19.820Z,37.99,7000,False,2587.0,244.8,63.17,0,0,56.46,59.7,176.89,124,157,188,13,29,93,0.0,0.0,0,0,3,0,0,0,0,0,0,108,170.57,9.48,40,64,128,85,C_post_L2b
native_decoder_20260920_044254_064.json,2026-09-20T04:42:54.064Z,41.06,7000,False,2588.11,321.5,100.84,0,0,54.78,59.21,248.44,132,147,150,12,22,48,59.92,59.92,7,11,1,2,0,0,0,0,0,152,222.13,10.23,57,64,128,207,C_post_L2b
native_decoder_20260920_044431_767.json,2026-09-20T04:44:31.767Z,57.42,7000,False,2573.58,276.9,65.83,0,0,56.63,59.75,176.59,111,121,134,12,33,72,0.0,0.0,0,0,2,0,0,0,0,0,0,142,148.38,8.36,68,64,128,104,C_post_L2b
native_decoder_20260920_044738_721.json,2026-09-20T04:47:38.721Z,108.63,7000,False,2629.61,325.32,135.87,2,0,54.8,59.38,239.71,317,325,326,9,0,66,30.38,30.38,15,10,8,0,0,0,0,0,0,206,113.78,13.26,124,64,128,90,C_post_L2b
native_decoder_20260920_051218_321.json,2026-09-20T05:12:18.321Z,744.86,7000,False,2562.05,245.93,74.83,17,1,56.14,59.13,170.93,558,569,573,11,74,274,202.83,266.71,178,60,39,12,24,247,793,404,317,156,12.57,29.0,724,128,128,1051,C_post_L2b
native_decoder_20260920_055903_750.json,2026-09-20T05:59:03.750Z,63.78,7000,False,2469.23,325.47,97.83,9,0,55.62,59.37,214.47,222,279,285,12,84,161,160.85,160.85,8,71,9,2,0,0,0,0,0,125,117.58,48.91,75,64,128,412,C_post_L2b
native_decoder_20260920_060008_689.json,2026-09-20T06:00:08.689Z,32.36,7000,False,2462.07,292.93,94.55,0,0,55.65,59.3,200.23,99,114,121,13,45,73,63.03,63.03,4,15,6,2,0,0,0,0,0,141,261.41,38.93,40,64,128,342,C_post_L2b
native_decoder_20260920_060035_190.json,2026-09-20T06:00:35.190Z,19.4,7000,False,2527.19,377.38,207.25,1,0,49.8,56.81,324.79,238,249,250,13,37,48,519.67,519.67,23,21,3,1,0,0,0,0,0,130,402.12,105.17,38,64,128,0,C_post_L2b
native_decoder_20260920_060058_102.json,2026-09-20T06:00:58.102Z,16.77,7000,False,2428.76,336.23,189.58,0,0,52.46,57.47,250.39,119,189,197,12,64,139,758.32,758.32,15,48,2,1,0,0,0,0,0,124,443.54,10.73,19,64,128,172,C_post_L2b
native_decoder_20260920_060228_847.json,2026-09-20T06:02:28.847Z,82.91,7000,False,2408.48,292.38,91.19,1,0,56.14,59.45,183.1,284,296,298,11,11,56,239.55,239.55,19,77,16,3,0,0,0,0,0,123,89.02,38.36,112,64,128,1059,C_post_L2b
native_decoder_20260920_060717_674.json,2026-09-20T06:07:17.674Z,270.38,7000,False,2386.68,228.57,59.92,0,0,57.35,59.88,148.68,222,232,233,12,12,47,35.06,35.06,9,113,21,4,0,0,0,0,0,114,25.3,28.18,316,64,128,4505,C_post_L2b
native_decoder_20260920_060819_590.json,2026-09-20T06:08:19.590Z,51.35,7000,False,2439.77,236.03,75.95,0,0,56.59,59.53,168.26,121,138,150,12,10,31,100.49,100.49,6,25,5,0,0,0,0,0,0,127,148.4,17.53,64,64,128,693,C_post_L2b
native_decoder_20260920_061024_970.json,2026-09-20T06:10:24.970Z,80.78,7000,False,2493.5,251.8,60.16,1,0,56.75,59.79,169.35,283,291,292,11,60,126,2.97,2.97,1,4,10,1,0,0,0,0,0,137,101.76,10.4,83,64,128,41,C_post_L2b
native_decoder_20260920_061956_358.json,2026-09-20T06:19:56.358Z,541.27,7000,False,2368.89,257.4,65.07,13,1,57.09,59.89,164.95,521,529,530,12,82,62,7.65,24.17,20,13,52,10,1,149,149,353,114,202,22.39,16.07,749,74,128,7799,C_post_L2b
