1,187566,
0,120573
0,120032
0,97682
0,89605
0,77454
0,53578
0,46546
0,34916
0,24511
0,21431
0,22428
0,21885
0,22631
0,22499
1,38393
0,20951
0,19688
0,18568
0,20522
0,21760
0,20619
0,20549
0,21140
0,22575
0,21348
0,20871
0,20835
0,22341
0,19541
1,36291
0,19207
0,19180
0,17924
0,17240
0,18188
0,19327
0,16904
0,18458
0,17443
0,19004
0,18172
0,18561
0,18831
0,18976
1,32812
0,17897
0,18512
0,19665
0,18408
0,19420
0,19337
0,19877
0,19463
0,17328
0,18525
0,18146
0,19605
0,18291
0,20502
1,41426
0,28164
0,27622
0,28842
0,29131
0,27315
0,31273
0,31548
0,34779
0,31251
0,29389
0,33618
0,28749
0,33794
0,30809
1,53731
0,35327
0,32943
0,30777
0,31932
0,30990
0,33159
0,32887
0,29659
0,30934
0,33561
0,32160
0,31039
0,32876
0,31573
1,51045
0,31799
0,27915
0,31039
0,24571
0,28075
0,28290
0,30960
0,34504
0,36070
0,30603
0,32373
0,37224
0,36514
0,32702
1,53074
0,37589
0,30653
0,33496
0,29229
0,27841
0,29420
0,33714
0,33008
0,32556
0,33221
0,33381
0,37240
0,34573
0,34905
1,55902
0,39131
0,35342
0,39799
0,32431
0,28743
0,33760
0,30503
0,33259
0,31896
0,31643
0,30060
0,30829
0,28095
0,77288
1,82383
0,50281
0,51722
0,51028
0,43664
0,44097
0,44823
0,43504
0,36413
0,35566
0,30632
0,30995
0,30657
0,30667
0,30840
1,49824
0,23449
0,22925
0,24223
0,23352
0,24321
0,23902
0,24055
0,23454
0,23896
0,23430
0,22913
0,23090
0,22885
0,22161
1,39130
0,23970
0,23070
0,23549
0,22238
0,21996
0,21763
0,22362
0,22484
0,22926
0,22529
0,22668
0,22587
0,28446
0,27672
1,46972
0,30515
0,31389
0,32155
0,32361
0,31441
0,31955
0,32308
0,32263
0,31237
0,30268
0,31116
0,30159
0,34791
0,36237
1,52163
0,37660
0,37977
0,38943
0,35448
0,35282
0,35528
0,34425
0,36179
0,36952
0,37067
0,35286
0,35809
0,35306
0,36289
1,47453
0,35086
0,34847
0,34091
0,33391
0,31168
0,31911
0,31204
0,31660
0,30251
0,29622
0,30447
0,29478
0,32467
0,31805
1,50118
0,34023
0,32765
0,34175
0,34953
0,35478
0,34208
0,34574
0,34398
0,35168
0,34531
0,34129
0,33727
0,32565
0,32905
1,49325
0,21206
0,23665
0,20382
0,22640
0,21709
0,23958
0,24295
0,22010
0,22234
0,27140
0,27398
0,25658
0,26892
0,35391
1,65409
0,35736
0,34399
0,26073
0,29249
0,27940
0,28671
0,34838
0,36152
0,34014
0,33583
0,34208
0,34855
0,33873
0,35891
1,68322
0,31432
0,28850
0,28479
0,30897
0,30209
0,30079
0,31805
0,30506
0,31263
0,31532
0,31020
0,30258
0,31519
0,32375
1,62998
0,31525
0,32505
0,31297
0,31860
0,30958
0,30684
0,33100
0,32587
0,32729
0,33058
0,33566
0,32079
0,30785
0,33348
1,64139
0,36199
0,34336
0,28230
0,29838
0,28640
0,29282
0,30468
0,29421
0,28738
0,30228
0,29013
0,29501
0,30465
0,29174
1,59072
0,30929
0,29938
0,29701
0,29255
0,29248
0,30240
0,30975
0,28398
0,31161
0,28754
0,28488
0,30252
0,29224
0,29461
1,59023
0,32483
0,31610
0,30857
0,29192
0,30103
0,30395
0,29374
0,31112
0,31463
0,30540
0,28732
0,32055
0,32470
0,29577
1,59260
0,31551
0,31550
0,30622
0,31552
0,29446
0,29799
0,29633
0,28600
0,30655
0,29857
0,28798
0,29374
0,30043
0,27587
1,57607
0,29865
0,29376
0,29829
0,28619
0,29460
0,29263
0,30931
0,29067
0,30619
0,32723
0,23155
0,26191
0,28657
0,27279
1,51276
0,31091
0,32116
0,31921
0,31070
0,32846
0,32335
0,32613
0,31410
0,34889
0,34813
0,33208
0,32944
0,34929
0,32734
1,53595
0,34588
0,36559
0,35102
0,37178
0,36293
0,35834
0,36042
0,36031
0,37592
0,37387
0,38440
0,37213
0,38425
0,39274
1,62760
0,38599
0,33768
0,33658
0,33953
0,33388
0,32967
0,34778
0,35318
0,35279
0,29717
0,30581
0,30983
0,31201
0,31594
1,53635
0,31260
0,31842
0,26659
0,29155
0,29769
0,28658
0,29778
0,29813
0,29316
0,29527
0,29177
0,29306
0,29903
0,29759
1,51719
0,30680
0,30047
0,29851
0,29744
0,30600
0,30363
0,29844
0,30116
0,30421
0,29868
0,30343
0,29791
0,30176
0,30472
1,52177
0,31338
0,31957
0,31886
0,31190
0,31089
0,31877
0,32705
0,32504
0,31606
0,31703
0,30743
0,29517
0,29648
0,29264
1,49348
0,29431
0,29793
0,30601
0,30370
0,29946
0,30695
0,32458
0,32281
0,32537
0,33631
0,34113
0,34197
0,33764
0,33131
1,58834
0,33177
0,31717
0,30499
0,41412
0,36794
0,34946
0,34176
0,32369
0,31004
0,31088
0,32904
0,33310
0,31290
0,31086
1,41412
0,31941
0,31419
0,31322
0,30072
0,29978
0,29874
0,42329
0,24834
0,24062
0,22270
0,24261
0,23559
0,22539
0,24412
1,47771
0,24609
0,24401
0,24187
0,22797
0,22413
0,23034
0,26588
0,26448
0,26175
0,26973
0,30951
0,29260
0,29196
0,29426
1,56591
0,31845
0,32103
0,34865
0,32928
0,33134
0,34138
0,32339
0,33513
0,32209
0,31881
0,33140
0,30927
0,31373
0,36956
1,66164
0,30172
0,30487
0,31724
0,28391
0,30730
0,30445
0,30686
0,30656
0,30739
0,30292
0,29778
0,32087
0,31209
0,30645
1,56482
0,31165
0,30340
0,27323
0,30557
0,31701
0,29502
0,28166
0,27136
0,29379
0,30236
0,29189
0,36126
0,35948
0,35784
1,63330
0,27959
0,30860
0,29686
0,27087
0,31168
0,28657
0,29047
0,28684
0,29756
0,29965
0,35353
0,35306
0,34814
0,33645
1,62348
0,28611
0,24800
0,26186
0,25016
0,34257
0,29458
0,27053
0,30639
0,28169
0,31953
0,27288
0,27514
0,38040
0,30147
1,68629
0,25614
0,32493
0,27534
0,29745
0,24452
0,30719
0,29342
0,29301
0,25236
0,39845
0,32874
0,32785
0,44487
0,34388
1,77992
0,30812
0,41040
0,35591
0,18949
0,20855
0,28715
0,23848
0,23669
0,46655
0,36100
0,23470
0,34973
0,45247
0,33932
1,76218
0,32520
0,36523
0,31396
0,36864
0,31944
0,33472
0,41573
0,34784
0,33728
0,40411
0,36484
0,36433
0,35730
0,38960
1,69007
0,35381
0,37156
0,32651
0,31747
0,29447
0,30275
0,29211
0,28948
0,27163
0,29831
0,31544
0,27162
0,30383
0,28174
1,53151
0,32451
0,27015
0,25525
0,25045
0,26119
0,24457
0,25494
0,27556
0,24625
0,26710
0,25731
0,26510
0,27415
0,26817
1,47512
0,27204
0,26596
0,27247
0,25762
0,26828
0,26448
0,26393
0,29531
0,30645
0,27741
0,29481
0,29704
0,28883
0,28607
1,48495
0,29338
0,29561
0,29186
0,29086
0,33967
0,33607
0,30756
0,31559
0,31073
0,31369
0,30235
0,31623
0,30424
0,31633
1,56152
0,35814
0,36944
0,36511
0,31750
0,29968
0,31508
0,33598
0,32420
0,31526
0,30984
0,28685
0,31457
0,31161
0,32143
1,48974
0,30478
0,29002
0,28067
0,28006
0,28208
0,32494
0,31254
0,31551
0,30550
0,32507
0,30538
0,32037
0,52437
0,40892
1,60394
0,36714
0,36318
0,36082
0,31399
0,32094
0,32489
0,33204
0,33581
0,33941
0,32956
0,33070
0,33469
0,34157
0,33994
1,52973
0,35943
0,36521
0,36716
0,37743
0,38868
0,40715
0,42167
0,48168
0,50429
0,53022
0,55387
0,50976
0,50771
0,50808
1,51161
0,37204
0,35633
0,32410
0,30324
0,28461
0,23923
0,24910
0,22122
0,20617
0,20110
0,19694
0,18295
0,18787
0,18995
1,28067
0,17749
0,18465
0,19280
0,19228
0,18961
0,18324
0,19871
0,20109
0,19264
0,21466
0,20795
0,20415
0,20320
0,25188
1,41733
0,27866
0,28675
0,28171
0,26630
0,30414
0,28312
0,28729
0,27590
0,28321
0,31001
0,30952
0,31400
0,30050
0,29521
1,46577
0,28602
0,28746
0,32327
0,31376
0,31323
0,31123
0,31395
0,30429
0,30780
0,30854
0,35861
0,35006
0,36549
0,36990
1,60338
0,32344
0,33345
0,33233
0,33460
0,32351
0,33846
0,33084
0,34223
0,34117
0,33783
0,31814
0,33361
0,33756
0,33204
1,62098
0,33170
0,32709
0,31836
0,37214
0,37119
0,36522
0,36770
0,39254
0,40553
0,39930
0,36604
0,37329
0,36589
0,36009
1,68275
0,26280
0,29960
0,30551
0,31231
0,29449
0,28305
0,30728
0,30023
0,26351
0,28179
0,28980
0,27078
0,26694
0,30713
1,69518
0,31684
0,33712
0,30252
0,34579
0,26113
0,33816
0,31846
0,28876
0,29892
0,31815
0,28150
0,28111
0,32158
0,28134
1,67318
0,22146
0,27514
0,30360
0,29852
0,31796
0,25457
0,29979
0,30484
0,25785
0,22906
0,30175
0,58030
0,41087
0,34644
1,69056
0,39786
0,42104
0,42279
0,36931
0,36894
0,35846
0,38300
0,37624
0,39008
0,38443
0,34008
0,34390
0,35690
0,35816
1,58147
0,29508
0,28169
0,28979
0,28789
0,28897
0,27999
0,28783
0,28567
0,29189
0,28763
0,26674
0,28761
0,27408
0,29605
1,55398
0,23522
0,22098
0,21371
0,22210
0,22004
0,21554
0,21916
0,21954
0,20690
0,22505
0,21979
0,22096
0,26004
0,28611
1,61069
0,31602
0,30356
0,28802
0,31122
0,29029
0,27145
0,32267
0,30750
0,26763
0,25624
0,26660
0,28037
0,28570
0,29477
1,73782
0,36895
0,36268
0,34107
0,30685
0,29619
0,29320
0,28251
0,27365
0,31422
0,27719
0,35972
0,33875
0,34333
0,34457
1,72773
0,31625
0,31176
0,29225
0,30837
0,28815
0,29455
0,28659
0,32881
0,28260
0,29315
0,34052
0,28699
0,27832
0,30557
1,62975
0,28023
0,30449
0,28219
0,29522
0,33547
0,27994
0,28866
0,28704
0,31004
0,26897
0,28735
0,28500
0,32760
0,28409
1,61552
0,29407
0,26937
0,29958
0,27708
0,27287
0,32533
0,27645
0,34057
0,34420
0,30402
0,32141
0,36575
0,34240
0,27612
1,67570
0,27202
0,32041
0,30804
0,32645
0,35357
0,32636
0,34605
0,35764
0,33884
0,27579
0,33749
0,28019
0,36704
0,33523
1,66709
0,28027
0,31397
0,28041
0,30559
0,31125
0,27900
0,28863
0,29646
0,29223
0,30416
0,24787
0,30306
0,37936
0,32866
1,67783
0,31977
0,31571
0,30925
0,28867
0,29590
0,31007
0,31063
0,30926
0,29081
0,30932
0,30832
0,29521
0,29069
0,29652
1,59467
0,32132
0,29313
0,30607
0,31374
0,32244
0,29580
0,31419
0,27877
0,29977
0,30290
0,29929
0,30607
0,30442
0,28836
1,57908
0,31890
0,29248
0,29360
0,28435
0,29570
0,29035
0,28627
0,26669
0,28912
0,28267
0,35540
0,33869
0,32709
0,33190
1,64504
0,28107
0,25419
0,26842
0,27376
0,32655
0,32941
0,34924
0,34003
0,33262
0,30019
0,34205
0,32726
0,34877
0,34406
1,63932
0,36920
0,26326
0,28073
0,27915
0,25088
0,31923
0,31358
0,34588
0,32283
0,31578
0,30535
0,33570
0,33057
0,32451
1,61952
0,33019
0,33511
0,32195
0,32167
0,30860
0,29354
0,32706
0,28617
0,28576
0,33294
0,31216
0,27057
0,32241
0,31052
1,61440
0,32884
0,31448
0,29347
0,22322
0,31322
0,29825
0,29395
0,28712
0,24182
0,31397
0,31346
0,32516
0,29003
0,21638
1,67146
0,37637
0,36653
0,40145
0,36041
0,35235
0,39870
0,24697
0,32730
0,37900
0,31937
0,34106
0,28991
0,28930
0,24266
1,65996
0,40910
0,35962
0,28945
0,36559
0,35761
0,27495
0,33803
0,31842
0,31322
0,31328
0,35547
0,28192
0,33807
0,38647
1,65995
0,34505
0,26513
0,31604
0,23410
0,28785
0,30302
0,27572
0,31551
0,30230
0,27956
0,32349
0,32075
0,31765
0,25722
1,61289
0,28444
0,30807
0,30942
0,28475
0,31279
0,33145
0,31113
0,29142
0,33363
0,31643
0,32869
0,32711
0,32138
0,30947
1,61747
0,33693
0,30830
0,32378
0,32559
0,31307
0,32185
0,34056
0,32498
0,32631
0,32264
0,32690
0,28519
0,42415
0,35179
1,49157
0,35058
0,30540
0,30673
0,29527
0,27836
0,27109
0,27096
0,26278
0,26425
0,26031
0,25452
0,25207
0,24409
0,24083
1,34694
0,23355
0,21905
0,21685
0,20944
0,20179
0,22892
0,23075
0,23301
0,22434
0,25815
0,24373
0,28300
0,28797
0,27612
1,50722
0,32673
0,37622
0,38243
0,39151
0,39513
0,39182
0,39666
0,40130
0,41068
0,42631
0,42764
0,38591
0,38455
0,41317
1,60227
0,42396
0,42706
0,36014
0,38002
0,38853
0,40238
0,39120
0,41297
0,39582
0,40849
0,39808
0,36886
0,35712
0,35041
1,50689
0,31336
0,26896
0,27928
0,25818
0,24581
0,26382
0,25395
0,24760
0,27641
0,25285
0,26448
0,27307
0,26744
0,28239
1,47125
0,29902
0,26795
0,28535
0,28366
0,28124
0,27131
0,28590
0,29548
0,29993
0,29462
0,27998
0,27958
0,25917
0,30338
1,50877
0,28164
0,29592
0,27509
0,28315
0,26679
0,30429
0,27693
0,30147
0,28811
0,31249
0,30598
0,29756
0,29624
0,28907
1,53502
0,31539
0,30973
0,29208
0,29887
0,31666
0,29274
0,30777
0,28686
0,31083
0,28387
0,31632
0,28135
0,31694
0,28887
1,55235
0,32549
0,31085
0,32491
0,31766
0,32093
0,30237
0,33653
0,32496
0,32553
0,31435
0,32688
0,29827
0,33493
0,32953
1,56864
0,32632
0,32769
0,34553
0,31670
0,32588
0,33104
0,32264
0,34133
0,34195
0,33639
0,32619
0,34280
0,31715
0,33766
1,59264
0,35702
0,33077
0,33083
0,32012
0,34293
0,34535
0,33315
0,34029
0,34040
0,34637
0,32255
0,32647
0,34306
0,35684
1,63623
0,37299
0,36307
0,29265
0,31056
0,30264
0,31466
0,31206
0,31420
0,32132
0,30262
0,30729
0,32508
0,30143
0,29366
1,59757
0,31747
0,32281
0,32219
0,32126
0,32671
0,29589
0,31137
0,27621
0,31445
0,31796
0,30974
0,30695
0,32125
0,30342
1,58762
0,33380
0,30424
0,30794
0,31286
0,31455
0,31778
0,30785
0,30118
0,30775
0,30332
0,29724
0,28791
0,28430
0,28137
1,55009
0,28629
0,36920
0,31893
0,31097
0,30175
0,32920
0,31272
0,31753
0,30951
0,32815
0,33273
0,33287
0,35327
0,38071
1,66353
0,38959
0,30449
0,21930
0,31959
0,30188
0,20740
0,21977
0,21308
0,18069
0,18282
0,31877
0,43551
0,29766
0,26299
1,47127
0,24581
0,24321
0,23474
0,23634
0,23766
0,25130
0,23371
0,24419
0,27143
0,28071
0,27243
0,27551
0,30673
0,30996
1,53722
0,31816
0,30415
0,32105
0,30241
0,30753
0,30533
0,31532
0,30842
0,30939
0,35570
0,35231
0,36222
0,34209
0,34980
1,58591
0,37942
0,29922
0,30826
0,30502
0,30214
0,29740
0,27717
0,29414
0,27651
0,32680
0,30542
0,28931
0,29409
0,49938
1,58631
0,22562
0,25377
0,30126
0,24924
0,32651
0,32874
0,34427
0,34141
0,30900
0,30652
0,33378
0,33363
0,32240
0,33344
1,55876
0,30918
0,34526
0,34356
0,34649
0,34285
0,33371
0,31598
0,33100
0,30638
0,32420
0,30836
0,33848
0,33150
0,31527
1,50552
0,34226
0,31243
0,34045
0,33457
0,31915
0,33546
0,32335
0,34431
0,33117
0,33500
0,31068
0,34358
0,34250
0,36207
1,53185
0,33235
0,33469
0,33730
0,33230
0,32280
0,32908
0,29881
0,31887
0,30171
0,28094
0,28975
0,31369
0,26279
0,27784
1,48985
0,31925
0,27622
0,28470
0,28239
0,57822
0,42204
0,37373
0,38893
0,32114
0,32905
0,34089
0,33648
0,35620
0,34652
1,59937
0,37018
0,36260
0,37287
0,32063
0,31157
0,31131
0,31357
0,28227
0,26893
0,27326
0,27045
0,26871
0,27477
0,27415
1,42932
0,27269
0,26452
0,27586
0,26883
0,26927
0,26456
0,26309
0,25553
0,26193
0,26626
0,26574
0,25679
0,25619
0,28176
1,51074
0,33420
0,29890
0,29088
0,30760
0,31128
0,30499
0,28256
0,30383
0,30741
0,29395
0,29451
0,31057
0,29480
0,29476
1,48153
0,27186
0,27636
0,27991
0,26580
0,26154
0,20373
0,43005
0,30708
0,35026
0,34097
0,35600
0,35662
0,36159
0,37014
1,62299
0,32496
0,33360
0,33124
0,33275
0,32686
0,33276
0,33669
0,32799
0,31704
0,33289
0,33030
0,32130
0,32104
0,32744
1,55644
0,32122
0,32018
0,31700
0,32480
0,32207
0,31376
0,32449
0,32837
0,33546
0,47163
0,30502
0,30125
0,26799
0,25035
1,54752
0,26282
0,28139
0,27090
0,26362
0,28691
0,25039
0,28478
0,26666
0,27662
0,30183
0,32338
0,31532
0,30415
0,32425
1,58488
0,31869
0,32299
0,29038
0,28728
0,31797
0,30339
0,29216
0,30883
0,30862
0,33028
0,27706
0,27818
0,31301
0,31654
1,58685
0,33324
0,31934
0,29808
0,28606
0,30261
0,28701
0,31344
0,28860
0,30036
0,25835
0,30068
0,26823
0,30970
0,35820
1,63130
0,62256
0,39341
0,38903
0,40654
0,40495
0,40834
0,41228
0,41666
0,36217
0,33984
0,35257
0,34540
0,34441
0,37392
1,53327
0,37033
0,36366
0,35045
0,30722
0,30667
0,31414
0,30659
0,27826
0,27889
0,26651
0,27785
0,25852
0,26199
0,23549
1,34711
0,21921
0,20594
0,20254
0,19985
0,19444
0,18253
0,23078
0,19700
0,18731
0,18111
0,21659
0,20424
0,48169
0,34940
1,55450
0,34169
0,32702
0,31579
0,31357
0,29295
0,31089
0,29862
0,30120
0,29152
0,37055
0,33149
0,35273
0,34524
0,35207
1,55953
0,33873
0,32491
0,33140
0,33470
0,32107
0,32638
0,32578
0,33291
0,32118
0,34172
0,32739
0,31142
0,32577
0,31391
