minute,cpu_temp_c,gpu_temp_c,gpu_power_w,load1,mem_avail_kb,ra_rss_kb,ra_anon_kb,ra_file_kb,ra_shmem_kb,ra_swap_kb,ra_vsize_kb,comp_rss_kb,comp_anon_kb,comp_threads,enc_rss_kb,enc_anon_kb,hb_log_bytes,rec_log_bytes,archive_files,recovery_state,restarts,fec_groups,fec_send_errors
0.0,40.625,36.0,20.0,0.779296875,7832556,151780,66448,83208,2124,0,2537984,40960,28560,5,120060,27476,1602015,14798,0,ENDED,0,333,0
0.5,46.25,37.0,20.0,1.26708984375,7843700,156844,67256,87432,2156,0,2538764,45492,33092,6,120088,27504,1605482,14933,0,PLAYING,0,3987,0
1.0,48.75,39.0,24.0,1.53076171875,7846584,167244,67256,97800,2188,0,2540812,45504,33104,6,120204,27620,1609227,14933,0,PLAYING,0,7938,0
1.5,49.875,40.0,20.0,1.5146484375,7845828,177556,67264,108104,2188,0,2540812,45508,33108,6,120336,27752,1612971,14933,0,PLAYING,0,11985,0
2.0,50.625,41.0,22.0,1.4150390625,7845300,187928,67268,118472,2188,0,2540812,45508,33108,6,120376,27792,1616727,14933,0,PLAYING,0,16018,0
2.5,53.125,43.0,25.0,1.43994140625,7887312,197608,67656,127740,2212,0,2541976,45512,33112,6,120512,27928,1620502,14933,0,PLAYING,0,20101,0
3.0,53.625,43.0,25.0,2.23876953125,7887188,205488,67668,135608,2212,0,2544024,45516,33116,6,120512,27928,1624286,14933,0,PLAYING,0,24046,0
3.5,54.875,45.0,21.0,2.33056640625,7900520,215208,67728,145268,2212,0,2555092,45520,33120,6,120512,27928,1628096,14933,0,PLAYING,0,27834,0
4.0,55.0,45.0,24.0,2.65576171875,7892828,225580,67732,155636,2212,0,2555092,45520,33120,6,120512,27928,1631912,14933,0,PLAYING,0,31666,0
4.5,55.375,45.0,24.0,2.15625,7911824,231280,67740,161328,2212,0,2541976,45524,33124,6,120532,27948,1635730,14933,0,PLAYING,0,35723,0
5.01,55.875,45.0,24.0,2.08203125,7911632,239244,67768,169264,2212,0,2544024,45524,33124,6,120532,27948,1639550,14933,0,PLAYING,0,39674,0
5.51,55.375,44.0,20.0,2.93603515625,7906504,246140,67768,176176,2196,0,2540752,45536,33136,6,120532,27948,1643367,14933,0,PLAYING,0,43711,0
6.01,56.0,45.0,23.0,2.63623046875,7919832,247752,67768,177772,2212,0,2538328,45536,33136,6,120532,27948,1647182,14933,0,PLAYING,0,47757,0
6.51,56.25,46.0,24.0,2.47705078125,7916788,249032,67768,179052,2212,0,2540756,45544,33144,6,120536,27952,1651002,14933,0,PLAYING,0,51874,0
7.01,55.0,45.0,21.0,2.02685546875,7916036,250092,68472,179436,2184,0,2537420,45548,33148,6,120548,27964,1654821,14933,0,PLAYING,0,55754,0
7.51,55.0,45.0,23.0,1.9609375,7911552,250096,68472,179436,2188,0,2539468,45552,33152,6,120548,27964,1658642,14933,0,PLAYING,0,59743,0
8.01,55.125,45.0,20.0,2.58203125,7912344,250096,68472,179436,2188,0,2539468,45552,33152,6,120548,27964,1662456,14933,0,PLAYING,0,63781,0
8.51,55.25,46.0,22.0,2.5361328125,7911912,250092,68472,179436,2184,0,2541456,45556,33156,6,120548,27964,1666017,14933,0,PLAYING,0,67788,0
9.01,56.625,45.0,22.0,2.19873046875,7916328,250312,68472,179628,2212,0,2542680,45556,33156,6,120548,27964,1669835,14933,0,PLAYING,0,71854,0
9.51,55.625,45.0,26.0,3.16162109375,7916740,250312,68472,179628,2212,0,2541460,45560,33160,6,120552,27968,1673649,14933,0,PLAYING,0,75707,0
10.01,56.625,45.0,24.0,2.63427734375,7924416,250312,68472,179628,2212,0,2541460,45560,33160,6,120552,27968,1677470,14933,0,PLAYING,0,79550,0
10.51,56.875,46.0,24.0,3.2421875,7920616,250312,68472,179628,2212,0,2537812,45564,33164,6,120552,27968,1681284,14933,0,PLAYING,0,83440,0
11.01,57.25,47.0,24.0,2.7587890625,7911100,257860,68472,187176,2212,0,2543508,45564,33164,6,120552,27968,1685105,14933,0,PLAYING,0,87475,0
11.51,56.125,46.0,20.0,2.138671875,7902664,257960,68472,187300,2188,0,2539468,45568,33168,6,120552,27968,1688921,14933,0,PLAYING,0,91469,0
12.01,57.125,46.0,24.0,1.94921875,7904268,258304,68472,187620,2212,0,2542680,45568,33168,6,120552,27968,1692738,14933,0,PLAYING,0,95578,0
12.51,57.0,46.0,22.0,1.705078125,7904772,259392,68472,188708,2212,0,2543508,45568,33168,6,120552,27968,1696560,14933,0,PLAYING,0,99695,0
13.01,55.75,45.0,21.0,1.54638671875,7905040,259368,68472,188708,2188,0,2539468,45572,33172,6,120552,27968,1700374,14933,0,PLAYING,0,103579,0
13.51,56.0,46.0,20.0,2.46484375,7891676,259368,68472,188708,2188,0,2539468,45572,33172,6,120552,27968,1704192,14933,0,PLAYING,0,107583,0
14.01,56.25,46.0,21.0,2.03466796875,7905620,259368,68472,188708,2188,0,2539468,45576,33176,6,120552,27968,1708007,14933,0,PLAYING,0,111616,0
14.51,56.25,46.0,25.0,2.02880859375,7905936,259376,68472,188708,2196,0,2540240,45588,33188,6,120552,27968,1711824,14933,0,PLAYING,0,115668,0
15.02,56.875,46.0,25.0,1.62255859375,7911860,261696,68472,191012,2212,0,2544728,45588,33188,6,120552,27968,1715642,14933,0,PLAYING,0,119732,0
15.52,56.875,46.0,24.0,1.8017578125,7912660,261696,68472,191012,2212,0,2543508,45588,33188,6,120552,27968,1719459,14933,0,PLAYING,0,123558,0
16.02,57.5,46.0,23.0,2.63427734375,7909616,261696,68472,191012,2212,0,2541460,45588,33188,6,120552,27968,1723277,14933,0,PLAYING,0,127415,0
16.52,57.375,48.0,24.0,2.50927734375,7915164,261696,68472,191012,2212,0,2542680,45588,33188,6,120552,27968,1727096,14933,0,PLAYING,0,131469,0
17.02,57.25,46.0,22.0,2.22265625,7906336,261696,68472,191012,2212,0,2544728,46528,34128,6,120552,27968,1730926,14933,0,PLAYING,0,135414,0
17.52,56.625,46.0,20.0,2.5458984375,7891916,261692,68472,191012,2208,0,2542736,46612,34212,6,120552,27968,1734760,14933,0,PLAYING,0,139464,0
18.02,57.5,46.0,24.0,2.32958984375,7899720,261696,68472,191012,2212,0,2542680,46612,34212,6,120552,27968,1738594,14933,0,PLAYING,0,143482,0
18.52,57.625,46.0,23.0,1.9951171875,7900148,261696,68472,191012,2212,0,2541460,46612,34212,6,120552,27968,1742426,14933,0,PLAYING,0,147593,0
19.02,56.375,46.0,23.0,2.173828125,7899424,261636,68472,191012,2152,0,2537420,46728,34328,6,120576,27992,1746261,14933,0,PLAYING,0,151452,0
19.52,56.375,47.0,25.0,1.71044921875,7895612,261672,68472,191012,2188,0,2539468,46728,34328,6,120576,27992,1750095,14933,0,PLAYING,0,155395,0
20.02,56.25,46.0,20.0,1.56298828125,7900456,261672,68472,191012,2188,0,2539468,46736,34336,6,120576,27992,1753680,14933,0,PLAYING,0,159443,0
20.52,56.25,46.0,22.0,1.6875,7893320,261672,68472,191012,2188,0,2539468,46840,34440,6,120576,27992,1757526,14933,0,PLAYING,0,163485,0
21.02,57.0,46.0,23.0,1.93310546875,7900816,261696,68472,191012,2212,0,2541460,46864,34464,6,120576,27992,1761377,14933,0,PLAYING,0,167579,0
21.52,56.375,45.0,24.0,1.95556640625,7907428,261696,68472,191012,2212,0,2543508,46864,34464,6,120576,27992,1765225,14933,0,PLAYING,0,171458,0
22.02,57.5,45.0,24.0,1.92529296875,7901620,261696,68472,191012,2212,0,2541460,46864,34464,6,120576,27992,1769073,14933,0,PLAYING,0,175295,0
22.52,57.375,46.0,20.0,2.03173828125,7899708,261696,68472,191012,2212,0,2537812,46864,34464,6,120576,27992,1772923,14933,0,PLAYING,0,179187,0
23.02,57.625,46.0,24.0,1.92333984375,7897860,261696,68472,191012,2212,0,2544728,46868,34468,6,120576,27992,1776769,14933,0,PLAYING,0,183255,0
23.52,56.375,46.0,25.0,1.84423828125,7896508,261664,68472,191012,2180,0,2543564,46872,34472,6,120576,27992,1780619,14933,0,PLAYING,0,187198,0
24.02,57.125,47.0,24.0,1.77099609375,7892044,261696,68472,191012,2212,0,2541460,46884,34484,6,120576,27992,1784469,14933,0,PLAYING,0,191343,0
24.53,56.875,46.0,20.0,1.67236328125,7886072,261696,68472,191012,2212,0,2547660,46884,34484,6,120576,27992,1788318,14933,0,PLAYING,0,195354,0
25.03,57.0,48.0,26.0,1.5263671875,7901132,261696,68472,191012,2212,0,2544728,46884,34484,6,120576,27992,1792163,14933,0,PLAYING,0,199366,0
25.53,56.0,46.0,19.0,2.18603515625,7891744,261672,68472,191012,2188,0,2539468,46884,34484,6,120576,27992,1796011,14933,0,PLAYING,0,203258,0
26.03,56.25,46.0,21.0,1.9931640625,7895988,261672,68472,191012,2188,0,2539468,46884,34484,6,120576,27992,1799855,14933,0,PLAYING,0,207283,0
26.53,55.875,46.0,20.0,1.94091796875,7891288,261672,68472,191012,2188,0,2539468,46884,34484,6,120576,27992,1803703,14933,0,PLAYING,0,211341,0
27.03,56.375,47.0,26.0,1.6220703125,7898788,261696,68472,191012,2212,0,2544728,46896,34496,6,120576,27992,1807554,14933,0,PLAYING,0,215412,0
27.53,56.5,46.0,23.0,2.06689453125,7895896,261696,68472,191012,2212,0,2539032,46896,34496,6,120576,27992,1811400,14933,0,PLAYING,0,219341,0
28.03,57.125,47.0,22.0,2.49169921875,7896340,261696,68472,191012,2212,0,2541460,46896,34496,6,120576,27992,1815256,14933,0,PLAYING,0,223163,0
28.53,57.375,47.0,23.0,2.6787109375,7879200,262048,68824,191012,2212,0,2558196,46896,34496,6,120576,27992,1819134,14933,0,PLAYING,0,227021,0
29.03,57.25,46.0,24.0,2.14697265625,7899448,262048,68824,191012,2212,0,2542640,46896,34496,6,120576,27992,1823011,14933,0,PLAYING,0,231077,0
29.53,56.125,46.0,20.0,2.162109375,7896456,261976,68824,191012,2140,0,2539820,46896,34496,6,120576,27992,1826887,14933,0,PLAYING,0,234965,0
30.03,56.625,45.0,25.0,1.9814453125,7829940,262048,68824,191012,2212,0,2543916,46896,34496,6,120576,27992,1830766,14933,0,PLAYING,0,239131,0
30.53,57.125,45.0,20.0,2.0849609375,7860284,262048,68824,191012,2212,0,2539380,46896,34496,6,120576,27992,1834644,14933,0,PLAYING,0,243128,0
31.03,57.5,46.0,22.0,1.8916015625,7808244,262048,68824,191012,2212,0,2547184,46896,34496,6,120576,27992,1838521,14933,0,PLAYING,0,247189,0
31.53,56.25,46.0,25.0,2.53857421875,7806296,262024,68824,191012,2188,0,2539820,46896,34496,6,120576,27992,1842396,14933,0,PLAYING,0,251073,0
32.03,56.0,46.0,25.0,2.3505859375,7809040,262024,68824,191012,2188,0,2539820,46896,34496,6,120576,27992,1846274,14933,0,PLAYING,0,255078,0
32.53,55.875,45.0,24.0,2.2333984375,7836788,262024,68824,191012,2188,0,2539820,46896,34496,6,120576,27992,1850153,14933,0,PLAYING,0,259138,0
33.03,55.875,45.0,21.0,1.91845703125,7838720,262048,68824,191012,2212,0,2545964,46932,34532,6,120576,27992,1854031,14933,0,PLAYING,0,263224,0
33.53,56.75,45.0,24.0,1.97216796875,7846936,262048,68824,191012,2212,0,2547184,46932,34532,6,120576,27992,1857656,14933,0,PLAYING,0,267211,0
34.03,56.875,45.0,23.0,1.7353515625,7858800,262048,68824,191012,2212,0,2545080,46932,34532,6,120576,27992,1861547,14933,0,PLAYING,0,271079,0
34.53,57.125,46.0,25.0,1.57080078125,7849092,262048,68824,191012,2212,0,2557368,46936,34536,6,120576,27992,1865440,14933,0,PLAYING,0,274953,0
35.04,56.625,46.0,25.0,1.71435546875,7862624,262048,68824,191012,2212,0,2544248,46936,34536,6,120576,27992,1869334,14933,0,PLAYING,0,278981,0
35.54,56.0,45.0,20.0,1.57373046875,7860176,261936,68824,191012,2100,0,2549624,46936,34536,6,120576,27992,1873228,14933,0,PLAYING,0,282886,0
36.04,56.25,45.0,25.0,1.54296875,7888336,262048,68824,191012,2212,0,2549232,46940,34540,6,120576,27992,1877117,14933,0,PLAYING,0,287050,0
36.54,57.375,45.0,24.0,1.71923828125,7880152,262048,68824,191012,2212,0,2541812,46940,34540,6,120576,27992,1881007,14933,0,PLAYING,0,291028,0
37.04,57.375,46.0,24.0,1.67138671875,7928008,262048,68824,191012,2212,0,2541812,46940,34540,6,120576,27992,1884901,14933,0,PLAYING,0,295143,0
37.54,55.5,45.0,21.0,1.66015625,7923904,262020,68824,191012,2184,0,2539820,46940,34540,6,120576,27992,1888794,14933,0,PLAYING,0,299014,0
38.04,55.625,46.0,26.0,1.59912109375,7922068,262024,68824,191012,2188,0,2539820,46940,34540,6,120576,27992,1892687,14933,0,PLAYING,0,303013,0
38.54,55.625,46.0,23.0,2.62451171875,7918984,262024,68824,191012,2188,0,2539820,46940,34540,6,120576,27992,1896581,14933,0,PLAYING,0,307048,0
39.04,55.75,45.0,20.0,2.29638671875,7918928,262024,68824,191012,2188,0,2536944,46940,34540,6,120576,27992,1900473,14933,0,PLAYING,0,311070,0
39.54,57.5,47.0,26.0,2.2724609375,7889232,262048,68824,191012,2212,0,2545080,46940,34540,6,120576,27992,1904366,14933,0,PLAYING,0,315111,0
40.04,56.5,45.0,24.0,1.9658203125,7869172,262048,68824,191012,2212,0,2541812,46940,34540,6,120576,27992,1908260,14933,0,PLAYING,0,318999,0
40.54,56.75,46.0,22.0,1.82568359375,7869024,262048,68824,191012,2212,0,2541812,46940,34540,6,120576,27992,1912154,14933,0,PLAYING,0,322822,0
41.04,56.25,48.0,21.0,2.49609375,7852444,262048,68824,191012,2212,0,2548012,46940,34540,6,120576,27992,1916048,14933,0,PLAYING,0,326790,0
41.54,56.375,45.0,24.0,2.27392578125,7865744,262048,68824,191012,2212,0,2545080,46940,34540,6,120576,27992,1919941,14933,0,PLAYING,0,330801,0
42.04,55.875,45.0,21.0,2.02734375,7855788,262044,68824,191012,2208,0,2543088,46940,34540,6,120576,27992,1923833,14933,0,PLAYING,0,334824,0
42.54,57.0,46.0,23.0,2.06298828125,7856696,262048,68824,191012,2212,0,2543860,46940,34540,6,120576,27992,1927727,14933,0,PLAYING,0,338873,0
43.04,57.5,45.0,24.0,1.8359375,7843936,262048,68824,191012,2212,0,2543860,46940,34540,6,120576,27992,1931619,14933,0,PLAYING,0,342992,0
43.54,55.625,45.0,24.0,2.43212890625,7873220,262004,68824,191012,2168,0,2537772,46940,34540,6,120576,27992,1935508,14933,0,PLAYING,0,346874,0
44.04,56.125,46.0,24.0,1.857421875,7839276,262024,68824,191012,2188,0,2539820,46940,34540,6,120576,27992,1939400,14933,0,PLAYING,0,350849,0
44.54,55.75,45.0,21.0,1.76904296875,7862496,262024,68824,191012,2188,0,2539820,46940,34540,6,120576,27992,1943292,14933,0,PLAYING,0,354910,0
45.05,55.5,45.0,22.0,1.66650390625,7866428,262024,68824,191012,2188,0,2539820,46940,34540,6,120576,27992,1947183,14933,0,PLAYING,0,358930,0
45.55,56.625,45.0,21.0,1.9326171875,7869824,262048,68824,191012,2212,0,2541812,46940,34540,6,120576,27992,1951075,14933,0,PLAYING,0,363026,0
46.05,56.25,47.0,24.0,2.162109375,7865296,262048,68824,191012,2212,0,2541812,46940,34540,6,120576,27992,1954966,14933,0,PLAYING,0,366906,0
46.55,57.0,46.0,25.0,2.22900390625,7857076,262048,68824,191012,2212,0,2541812,46940,34540,6,120576,27992,1958861,14933,0,PLAYING,0,370729,0
47.05,56.625,46.0,20.0,2.0634765625,7854984,262048,68824,191012,2212,0,2538164,46940,34540,6,120576,27992,1962750,14933,0,PLAYING,0,374610,0
47.55,56.875,46.0,24.0,1.96728515625,7840192,262048,68824,191012,2212,0,2548012,46940,34540,6,120576,27992,1966643,14933,0,PLAYING,0,378657,0
48.05,55.875,46.0,23.0,1.79052734375,7856344,261980,68824,191012,2144,0,2545136,46940,34540,6,120576,27992,1970536,14933,0,PLAYING,0,382653,0
48.55,56.5,45.0,23.0,1.84033203125,7852856,262048,68824,191012,2212,0,2543032,46940,34540,6,120576,27992,1974168,14933,0,PLAYING,0,386791,0
49.05,56.5,46.0,23.0,1.57666015625,7847708,262048,68824,191012,2212,0,2543032,46940,34540,6,120576,27992,1978063,14933,0,PLAYING,0,390906,0
49.55,55.5,45.0,24.0,1.71337890625,7840868,261984,68824,191012,2148,0,2537772,46976,34576,6,120576,27992,1981955,14933,0,PLAYING,0,394778,0
50.05,55.375,45.0,23.0,1.580078125,7844240,262024,68824,191012,2188,0,2539820,46976,34576,6,120576,27992,1985846,14933,0,PLAYING,0,398722,0
50.55,55.625,46.0,23.0,1.52783203125,7841460,262024,68824,191012,2188,0,2539820,46976,34576,6,120576,27992,1989741,14933,0,PLAYING,0,402764,0
51.05,56.0,45.0,24.0,1.783203125,7841456,262024,68824,191012,2188,0,2539820,46976,34576,6,120576,27992,1993633,14933,0,PLAYING,0,406810,0
51.55,56.0,45.0,24.0,2.4560546875,7848372,262048,68824,191012,2212,0,2542640,46976,34576,6,120576,27992,1997529,14933,0,PLAYING,0,410854,0
52.05,55.625,45.0,24.0,2.08642578125,7836648,262048,68824,191012,2212,0,2541812,46976,34576,6,120576,27992,2001417,14933,0,PLAYING,0,414706,0
52.55,56.125,46.0,23.0,1.78857421875,7842092,262048,68824,191012,2212,0,2543860,46976,34576,6,120576,27992,2005310,14933,0,PLAYING,0,418568,0
53.05,56.125,45.0,22.0,2.16064453125,7828428,262048,68824,191012,2212,0,2550060,46976,34576,6,120576,27992,2009200,14933,0,PLAYING,0,422524,0
53.55,56.25,45.0,25.0,2.16015625,7844540,262048,68824,191012,2212,0,2541432,46976,34576,6,120576,27992,2013093,14933,0,PLAYING,0,426530,0
54.05,55.25,45.0,23.0,2.61083984375,7837464,261996,68824,191012,2160,0,2541040,46976,34576,6,120576,27992,2016986,14933,0,PLAYING,0,430511,0
54.55,56.75,45.0,24.0,2.283203125,7846492,262048,68824,191012,2212,0,2545080,46976,34576,6,120576,27992,2020878,14933,0,PLAYING,0,434600,0
55.05,56.0,45.0,20.0,2.21630859375,7843292,262048,68824,191012,2212,0,2545080,46976,34576,6,120576,27992,2024770,14933,0,PLAYING,0,438682,0
55.56,56.125,45.0,25.0,2.083984375,7839632,263268,68824,192232,2212,0,2542648,46976,34576,6,120576,27992,2028665,14933,0,PLAYING,0,442609,0
56.06,55.375,45.0,24.0,2.06494140625,7837488,263244,68824,192232,2188,0,2538600,47008,34608,6,120576,27992,2032562,14933,0,PLAYING,0,446479,0
56.56,55.125,44.0,21.0,1.84912109375,7824004,263244,68824,192232,2188,0,2538600,47008,34608,6,120576,27992,2036456,14933,0,PLAYING,0,450506,0
57.06,55.125,45.0,23.0,1.8173828125,7846796,263244,68824,192232,2188,0,2538600,47008,34608,6,120576,27992,2040345,14933,0,PLAYING,0,454550,0
57.56,55.5,45.0,24.0,1.77490234375,7842652,263268,68824,192232,2212,0,2541812,47040,34640,6,120576,27992,2044234,14933,0,PLAYING,0,458636,0
58.06,56.0,45.0,23.0,1.7783203125,7848264,263268,68824,192232,2212,0,2545080,47040,34640,6,120576,27992,2048127,14933,0,PLAYING,0,462572,0
58.56,56.25,45.0,25.0,1.57666015625,7856224,263268,68824,192232,2212,0,2541812,47040,34640,6,120576,27992,2052016,14933,0,PLAYING,0,466390,0
59.06,56.5,44.0,23.0,1.4228515625,7852896,263268,68824,192232,2212,0,2541812,47040,34640,6,120576,27992,2055910,14933,0,PLAYING,0,470238,0
59.56,56.0,45.0,22.0,1.53076171875,7856804,263268,68824,192232,2212,0,2543860,47040,34640,6,120576,27992,2059802,14933,0,PLAYING,0,474297,0
60.06,55.375,46.0,24.0,1.58154296875,7853316,263236,68824,192232,2180,0,2543088,47040,34640,6,120596,28012,2063696,14933,0,PLAYING,0,478246,0
60.56,56.0,45.0,22.0,1.56689453125,7848072,263268,68824,192232,2212,0,2543032,47040,34640,6,120596,28012,2067587,14933,0,PLAYING,0,482393,0
61.06,55.5,45.0,21.0,1.78173828125,7889152,263268,68824,192232,2212,0,2548012,47040,34640,6,120596,28012,2071476,14933,0,PLAYING,0,486491,0
61.56,55.625,45.0,20.0,2.15478515625,7907432,263268,68824,192232,2212,0,2541432,47040,34640,6,120596,28012,2075366,14933,0,PLAYING,0,490490,0
62.06,55.25,45.0,24.0,1.83447265625,7898572,263244,68824,192232,2188,0,2539820,47040,34640,6,120596,28012,2079259,14933,0,PLAYING,0,494372,0
62.56,54.875,45.0,24.0,1.91455078125,7895696,263244,68824,192232,2188,0,2539820,47040,34640,6,120596,28012,2083151,14933,0,PLAYING,0,498389,0
63.06,55.0,45.0,23.0,1.99267578125,7895676,263244,68824,192232,2188,0,2539820,47040,34640,6,120596,28012,2087047,14933,0,PLAYING,0,502423,0
63.56,55.5,45.0,23.0,1.76318359375,7895052,263268,68824,192232,2212,0,2545080,47056,34656,6,120596,28012,2090679,14933,0,PLAYING,0,506546,0
64.06,55.375,45.0,24.0,1.55078125,7899180,263268,68824,192232,2212,0,2541432,47056,34656,6,120596,28012,2094571,14933,0,PLAYING,0,510454,0
64.56,56.0,45.0,24.0,1.45361328125,7894692,263268,68824,192232,2212,0,2541812,47056,34656,6,120596,28012,2098460,14933,0,PLAYING,0,514268,0
65.06,56.625,45.0,20.0,1.56201171875,7911456,263268,68824,192232,2212,0,2541812,47056,34656,6,120596,28012,2102350,14933,0,PLAYING,0,518117,0
65.56,56.625,45.0,26.0,1.6748046875,7899588,263268,68824,192232,2212,0,2543032,47056,34656,6,120596,28012,2106241,14933,0,PLAYING,0,522209,0
66.07,55.625,45.0,24.0,1.64501953125,7902048,263228,68824,192232,2172,0,2543088,47056,34656,6,120596,28012,2110133,14933,0,PLAYING,0,526172,0
66.57,56.25,45.0,22.0,1.56982421875,7907552,263268,68824,192232,2212,0,2541812,47056,34656,6,120596,28012,2114028,14933,0,PLAYING,0,530279,0
67.07,56.25,45.0,24.0,2.0927734375,7902976,263268,68824,192232,2212,0,2543032,47056,34656,6,120596,28012,2117920,14933,0,PLAYING,0,534368,0
67.57,56.75,46.0,24.0,1.85107421875,7900312,264868,68824,193832,2212,0,2543032,47056,34656,6,120596,28012,2121813,14933,0,PLAYING,0,538292,0
68.07,55.25,45.0,20.0,1.9091796875,7897316,266948,68824,195944,2180,0,2539820,47056,34656,6,120596,28012,2125706,14933,0,PLAYING,0,542192,0
68.57,55.125,45.0,24.0,2.13232421875,7893876,270092,71960,195944,2188,0,2539820,47056,34656,6,120596,28012,2129601,14933,0,PLAYING,0,546183,0
69.07,55.125,46.0,23.0,2.01123046875,7889580,270092,71960,195944,2188,0,2539820,47056,34656,6,120596,28012,2133493,14933,0,PLAYING,0,550219,0
69.57,55.0,45.0,20.0,1.974609375,7894780,270080,71960,195944,2176,0,2538160,47056,34656,6,120596,28012,2137387,14933,0,PLAYING,0,554236,0
70.07,56.75,48.0,24.0,1.94921875,7898300,270116,71960,195944,2212,0,2543032,47056,34656,6,120596,28012,2141282,14933,0,PLAYING,0,558310,0
70.57,55.375,45.0,21.0,1.76806640625,7896292,270116,71960,195944,2212,0,2539384,47056,34656,6,120596,28012,2145173,14933,0,PLAYING,0,562182,0
71.07,56.5,46.0,23.0,2.330078125,7888820,270116,71960,195944,2212,0,2541812,47056,34656,6,120596,28012,2149065,14933,0,PLAYING,0,566044,0
71.57,56.75,45.0,24.0,2.009765625,7888420,270116,71960,195944,2212,0,2550004,47056,34656,6,120596,28012,2152959,14933,0,PLAYING,0,569871,0
72.07,56.625,46.0,26.0,1.896484375,7904512,270116,71960,195944,2212,0,2541812,47056,34656,6,120596,28012,2156853,14933,0,PLAYING,0,573961,0
72.57,55.375,45.0,24.0,1.8251953125,7904276,270092,71960,195944,2188,0,2539820,47056,34656,6,120596,28012,2160746,14933,0,PLAYING,0,577922,0
73.07,56.5,45.0,23.0,1.939453125,7910460,270116,71960,195944,2212,0,2543032,47056,34656,6,120596,28012,2164635,14933,0,PLAYING,0,582020,0
73.57,56.25,45.0,25.0,1.87646484375,7905900,270116,71960,195944,2212,0,2541812,47056,34656,6,120596,28012,2168524,14933,0,PLAYING,0,586138,0
74.07,55.0,45.0,25.0,2.0244140625,7909984,270060,71960,195944,2156,0,2539820,47056,34656,6,120596,28012,2172417,14933,0,PLAYING,0,589995,0
74.57,55.0,44.0,21.0,2.21728515625,7904104,270092,71960,195944,2188,0,2539820,47056,34656,6,120596,28012,2176310,14933,0,PLAYING,0,593938,0
75.07,55.0,45.0,21.0,2.427734375,7906160,270092,71960,195944,2188,0,2539820,47056,34656,6,120596,28012,2180202,14933,0,PLAYING,0,597986,0
75.57,54.875,44.0,21.0,2.0009765625,7891664,270092,71960,195944,2188,0,2539820,47056,34656,6,120596,28012,2184093,14933,0,PLAYING,0,602018,0
76.08,56.125,44.0,24.0,1.88330078125,7910888,270116,71960,195944,2212,0,2545080,47056,34656,6,120596,28012,2187986,14933,0,PLAYING,0,606112,0
76.58,55.875,45.0,23.0,1.65478515625,7912472,270116,71960,195944,2212,0,2541812,47056,34656,6,120596,28012,2191876,14933,0,PLAYING,0,610005,0
77.08,56.125,45.0,26.0,1.91796875,7899004,270116,71960,195944,2212,0,2541812,47064,34664,6,120596,28012,2195772,14933,0,PLAYING,0,613834,0
77.58,55.625,45.0,24.0,2.57958984375,7895360,270116,71960,195944,2212,0,2543088,47064,34664,6,120596,28012,2199660,14933,0,PLAYING,0,617787,0
78.08,56.125,45.0,24.0,2.09326171875,7911824,270116,71960,195944,2212,0,2545080,47064,34664,6,120596,28012,2203558,14933,0,PLAYING,0,621792,0
78.58,55.25,46.0,26.0,2.03955078125,7901856,270092,71960,195944,2188,0,2536944,47092,34692,6,120596,28012,2207452,14933,0,PLAYING,0,625850,0
79.08,55.5,44.0,23.0,1.94287109375,7907144,270116,71960,195944,2212,0,2538164,47100,34700,6,120596,28012,2211346,14933,0,PLAYING,0,629949,0
79.58,56.125,45.0,24.0,1.71923828125,7906480,270116,71960,195944,2212,0,2541812,47100,34700,6,120596,28012,2214979,14933,0,PLAYING,0,634019,0
80.08,55.0,45.0,26.0,1.69189453125,7905128,270052,71960,195944,2148,0,2537772,47100,34700,6,120596,28012,2218871,14933,0,PLAYING,0,637897,0
80.58,54.5,44.0,20.0,1.779296875,7900732,270092,71960,195944,2188,0,2539820,47104,34704,6,120596,28012,2222763,14933,0,PLAYING,0,641870,0
81.08,54.5,44.0,19.0,1.9521484375,7903688,270092,71960,195944,2188,0,2539820,47104,34704,6,120596,28012,2226654,14933,0,PLAYING,0,645897,0
81.58,54.5,44.0,24.0,1.81298828125,7902564,270092,71960,195944,2188,0,2539820,47104,34704,6,120596,28012,2230548,14933,0,PLAYING,0,649945,0
82.08,55.25,44.0,21.0,1.85107421875,7902536,270116,71960,195944,2212,0,2541812,47136,34736,6,120596,28012,2232364,15147,0,PAUSED_RECOVERING,0,654033,0
82.58,55.125,45.0,20.0,2.033203125,7906540,270116,71960,195944,2212,0,2545080,47140,34740,6,120596,28012,2236257,15347,0,PLAYING,0,658082,0
83.08,55.625,45.0,24.0,1.9345703125,7909584,270116,71960,195944,2212,0,2541812,47148,34748,6,120596,28012,2240149,15347,0,PLAYING,0,661901,0
83.58,55.875,46.0,24.0,2.73486328125,7915412,270116,71960,195944,2212,0,2541812,47148,34748,6,120596,28012,2244041,15347,0,PLAYING,0,665751,0
84.08,56.125,45.0,21.0,3.3623046875,7909256,270116,71960,195944,2212,0,2543032,47148,34748,6,120596,28012,2247934,15347,0,PLAYING,0,669806,0
84.58,55.125,45.0,20.0,2.6611328125,7918108,270072,71960,195944,2168,0,2545528,47156,34756,6,120596,28012,2251827,15347,0,PLAYING,0,673729,0
85.08,55.625,44.0,24.0,2.5400390625,7909644,270116,71960,195944,2212,0,2541812,47156,34756,6,120596,28012,2255718,15347,0,PLAYING,0,677875,0
85.58,56.125,44.0,24.0,2.193359375,7901380,270116,71960,195944,2212,0,2538164,47156,34756,6,120596,28012,2259609,15347,0,PLAYING,0,681910,0
86.08,56.375,45.0,25.0,2.076171875,7904376,270116,71960,195944,2212,0,2546296,47156,34756,6,120596,28012,2263498,15347,0,PLAYING,0,685922,0
86.59,54.75,46.0,21.0,2.00244140625,7905268,270092,71960,195944,2188,0,2539820,47156,34756,6,120596,28012,2267391,15347,0,PLAYING,0,689807,0
87.09,54.75,44.0,24.0,1.9716796875,7901008,270092,71960,195944,2188,0,2539820,47156,34756,6,120596,28012,2271285,15347,0,PLAYING,0,693851,0
87.59,54.625,45.0,26.0,2.927734375,7898052,270092,71960,195944,2188,0,2539820,47156,34756,6,120596,28012,2275183,15347,0,PLAYING,0,697889,0
88.09,55.25,44.0,22.0,2.35595703125,7908244,270116,71960,195944,2212,0,2541812,47156,34756,6,120596,28012,2279074,15347,0,PLAYING,0,701996,0
88.59,54.875,44.0,20.0,2.140625,7899036,270116,71960,195944,2212,0,2539384,47156,34756,6,120596,28012,2282968,15347,0,PLAYING,0,705925,0
89.09,56.0,45.0,25.0,2.9013671875,7901592,270116,71960,195944,2212,0,2541812,47156,34756,6,120596,28012,2286860,15347,0,PLAYING,0,709761,0
89.59,56.125,45.0,22.0,2.3515625,7889720,270116,71960,195944,2212,0,2556148,47156,34756,6,120596,28012,2290751,15347,0,PLAYING,0,713629,0
90.09,56.25,45.0,22.0,2.10205078125,7899880,270116,71960,195944,2212,0,2540592,47160,34760,6,120596,28012,2294642,15347,0,PLAYING,0,717688,0
90.59,55.125,45.0,25.0,2.009765625,7898520,270072,71960,195944,2168,0,2543088,47160,34760,6,120596,28012,2298276,15347,0,PLAYING,0,721624,0
91.09,55.5,45.0,24.0,1.89208984375,7907288,270116,71960,195944,2212,0,2543860,47160,34760,6,120596,28012,2302168,15347,0,PLAYING,0,725763,0
91.59,55.875,45.0,23.0,2.19775390625,7813724,270116,71960,195944,2212,0,2550060,47160,34760,6,120596,28012,2306060,15347,0,PLAYING,0,729817,0
92.09,55.375,45.0,25.0,2.068359375,7849172,270116,71960,195944,2212,0,2541432,47164,34764,6,120596,28012,2309956,15347,0,PLAYING,0,733812,0
92.59,54.625,45.0,22.0,1.830078125,7850680,270092,71960,195944,2188,0,2539820,47168,34768,6,120596,28012,2313851,15347,0,PLAYING,0,737714,0
93.09,54.75,44.0,20.0,1.79931640625,7880788,270092,71960,195944,2188,0,2539820,47168,34768,6,120596,28012,2317743,15347,0,PLAYING,0,741735,0
93.59,54.625,45.0,23.0,1.78662109375,7879700,270092,71960,195944,2188,0,2539820,47168,34768,6,120596,28012,2321634,15347,0,PLAYING,0,745779,0
94.09,55.25,45.0,25.0,2.0771484375,7890436,270116,71960,195944,2212,0,2541812,47168,34768,6,120596,28012,2325527,15347,0,PLAYING,0,749900,0
94.59,56.125,45.0,20.0,2.20947265625,7885568,270116,71960,195944,2212,0,2545080,47168,34768,6,120596,28012,2329421,15347,0,PLAYING,0,753832,0
95.09,56.375,45.0,22.0,1.9375,7897096,270116,71960,195944,2212,0,2543860,47168,34768,6,120596,28012,2333315,15347,0,PLAYING,0,757658,0
95.59,56.25,45.0,24.0,2.0986328125,7893024,270116,71960,195944,2212,0,2541812,47172,34772,6,120596,28012,2337207,15347,0,PLAYING,0,761510,0
96.09,56.25,44.0,23.0,2.041015625,7902272,270116,71960,195944,2212,0,2543032,47172,34772,6,120596,28012,2341100,15347,0,PLAYING,0,765565,0
96.59,55.625,45.0,20.0,1.88232421875,7887332,270072,71960,195944,2168,0,2543088,47292,34892,6,120596,28012,2344996,15347,0,PLAYING,0,769506,0
97.1,55.75,45.0,24.0,1.95556640625,7912772,270116,71960,195944,2212,0,2541812,47292,34892,6,120596,28012,2348892,15347,0,PLAYING,0,773675,0
97.6,56.125,45.0,25.0,1.64013671875,7905764,270116,71960,195944,2212,0,2543032,47292,34892,6,120596,28012,2352784,15347,0,PLAYING,0,777630,0
98.1,56.25,45.0,24.0,1.501953125,7899292,270116,71960,195944,2212,0,2541812,47296,34896,6,120596,28012,2356678,15347,0,PLAYING,0,781717,0
98.6,54.875,45.0,20.0,1.63134765625,7904784,270084,71960,195944,2180,0,2537772,47296,34896,6,120596,28012,2360570,15347,0,PLAYING,0,785594,0
99.1,55.25,45.0,24.0,1.51806640625,7902920,270092,71960,195944,2188,0,2539820,47296,34896,6,120596,28012,2364462,15347,0,PLAYING,0,789563,0
99.6,55.375,45.0,24.0,1.7880859375,7900404,270092,71960,195944,2188,0,2539820,47300,34900,6,120596,28012,2368356,15347,0,PLAYING,0,793615,0
100.1,54.75,45.0,24.0,1.6865234375,7902540,270072,71960,195944,2168,0,2538160,47300,34900,6,120596,28012,2372249,15347,0,PLAYING,0,797630,0
100.6,56.125,45.0,24.0,1.65869140625,7885328,270116,71960,195944,2212,0,2543860,47300,34900,6,120596,28012,2376141,15347,0,PLAYING,0,801706,0
101.1,55.75,47.0,26.0,1.8603515625,7898336,270116,71960,195944,2212,0,2541812,47300,34900,6,120596,28012,2380034,15347,0,PLAYING,0,805555,0
101.6,56.0,45.0,24.0,2.1455078125,7888664,270116,71960,195944,2212,0,2543860,47304,34904,6,120596,28012,2383926,15347,0,PLAYING,0,809385,0
102.1,55.5,45.0,20.0,2.33447265625,7879296,270116,71960,195944,2212,0,2548012,47304,34904,6,120596,28012,2387818,15347,0,PLAYING,0,813400,0
102.6,56.0,45.0,23.0,1.990234375,7886808,270628,71960,196456,2212,0,2543032,47304,34904,6,120596,28012,2391710,15347,0,PLAYING,0,817366,0
103.1,54.875,45.0,23.0,1.66162109375,7879988,270584,71960,196456,2168,0,2541808,47308,34908,6,120596,28012,2395603,15347,0,PLAYING,0,821359,0
103.6,56.125,45.0,20.0,1.99462890625,7886276,270628,71960,196456,2212,0,2543032,47308,34908,6,120596,28012,2399498,15347,0,PLAYING,0,825399,0
104.1,56.125,45.0,25.0,1.88525390625,7888840,270628,71960,196456,2212,0,2541812,47308,34908,6,120596,28012,2403387,15347,0,PLAYING,0,829550,0
104.6,54.875,45.0,25.0,1.9365234375,7890724,270600,71960,196456,2184,0,2537772,47308,34908,6,120596,28012,2407278,15347,0,PLAYING,0,833441,0
105.1,54.5,45.0,25.0,1.76513671875,7887800,270604,71960,196456,2188,0,2539820,47308,34908,6,120596,28012,2411170,15347,0,PLAYING,0,837433,0
105.6,54.625,45.0,24.0,1.73388671875,7884044,270604,71960,196456,2188,0,2539820,47308,34908,6,120596,28012,2415064,15347,0,PLAYING,0,841479,0
106.1,54.625,44.0,20.0,1.83349609375,7889812,270600,71960,196456,2184,0,2536944,47336,34936,6,120596,28012,2418959,15347,0,PLAYING,0,845503,0
106.6,55.375,45.0,25.0,1.95849609375,7895376,270628,71960,196456,2212,0,2545080,47336,34936,6,120596,28012,2422854,15347,0,PLAYING,0,849584,0
107.1,55.625,45.0,24.0,3.00927734375,7894432,270628,71960,196456,2212,0,2543032,47336,34936,6,120596,28012,2426744,15347,0,PLAYING,0,853424,0
107.61,56.0,44.0,20.0,2.6630859375,7896208,270628,71960,196456,2212,0,2543032,47336,34936,6,120596,28012,2430635,15347,0,PLAYING,0,857283,0
108.11,55.625,46.0,26.0,2.2744140625,7898016,270628,71960,196456,2212,0,2543032,47336,34936,6,120596,28012,2434525,15347,0,PLAYING,0,861337,0
108.61,55.375,44.0,25.0,2.32373046875,7892388,270628,71960,196456,2212,0,2541432,47336,34936,6,120596,28012,2438417,15347,0,PLAYING,0,865272,0
109.11,54.875,45.0,23.0,2.150390625,7877440,270628,71960,196456,2212,0,2548012,47336,34936,6,120596,28012,2442053,15347,0,PLAYING,0,869348,0
109.61,55.375,44.0,20.0,2.05517578125,7893636,270628,71960,196456,2212,0,2543032,47336,34936,6,120596,28012,2445947,15347,0,PLAYING,0,873408,0
110.11,55.0,45.0,25.0,1.9892578125,7891084,270628,71960,196456,2212,0,2541432,47336,34936,6,120596,28012,2449840,15347,0,PLAYING,0,877490,0
110.61,54.25,45.0,20.0,1.78076171875,7878972,270604,71960,196456,2188,0,2539820,47336,34936,6,120596,28012,2453731,15347,0,PLAYING,0,881381,0
111.11,54.375,44.0,24.0,1.7666015625,7880008,270604,71960,196456,2188,0,2539820,47336,34936,6,120596,28012,2457625,15347,0,PLAYING,0,885413,0
111.61,54.25,44.0,20.0,2.00927734375,7875588,270604,71960,196456,2188,0,2539820,47336,34936,6,120596,28012,2461518,15347,0,PLAYING,0,889450,0
112.11,54.875,44.0,24.0,1.68359375,7880436,270628,71960,196456,2212,0,2543860,47336,34936,6,120596,28012,2465413,15347,0,PLAYING,0,893570,0
112.61,55.375,45.0,23.0,1.67236328125,7885372,270628,71960,196456,2212,0,2539384,47356,34956,6,120596,28012,2469304,15347,0,PLAYING,0,897486,0
113.11,55.75,45.0,21.0,1.61962890625,7878800,270628,71960,196456,2212,0,2543860,47360,34960,6,120596,28012,2473194,15347,0,PLAYING,0,901321,0
113.61,55.625,44.0,23.0,1.984375,7883516,270628,71960,196456,2212,0,2543860,47360,34960,6,120596,28012,2477089,15347,0,PLAYING,0,905168,0
114.11,55.625,44.0,21.0,1.92822265625,7883856,270628,71960,196456,2212,0,2543032,47360,34960,6,120596,28012,2480982,15347,0,PLAYING,0,909220,0
114.61,54.625,45.0,25.0,1.74462890625,7871788,270560,71960,196456,2144,0,2543916,47364,34964,6,120596,28012,2484873,15347,0,PLAYING,0,913096,0
115.11,54.625,44.0,22.0,2.544921875,7865208,270628,71960,196456,2212,0,2548012,47364,34964,6,120596,28012,2488768,15347,0,PLAYING,0,917283,0
115.61,55.25,44.0,19.0,2.19091796875,7877596,270628,71960,196456,2212,0,2539384,47364,34964,6,120596,28012,2492662,15347,0,PLAYING,0,921248,0
116.11,55.25,46.0,25.0,1.9833984375,7898092,270628,71960,196456,2212,0,2541432,47364,34964,6,120596,28012,2496552,15347,0,PLAYING,0,925301,0
116.61,54.375,44.0,23.0,2.404296875,7868428,270604,71960,196456,2188,0,2539820,47364,34964,6,120596,28012,2500445,15347,0,PLAYING,0,929178,0
117.11,54.625,44.0,20.0,2.1123046875,7881476,270604,71960,196456,2188,0,2539820,47364,34964,6,120596,28012,2504335,15347,0,PLAYING,0,933203,0
117.62,54.375,45.0,24.0,1.92919921875,7891808,270604,71960,196456,2188,0,2539820,47368,34968,6,120596,28012,2508227,15347,0,PLAYING,0,937237,0
118.12,54.875,44.0,24.0,1.75146484375,7899664,270628,71960,196456,2212,0,2541812,47368,34968,6,120596,28012,2512122,15347,0,PLAYING,0,941354,0
118.62,55.375,45.0,21.0,1.59228515625,7899100,270628,71960,196456,2212,0,2545080,47368,34968,6,120596,28012,2516018,15347,0,PLAYING,0,945284,0
119.12,55.625,45.0,20.0,1.771484375,7898708,270628,71960,196456,2212,0,2543860,47368,34968,6,120596,28012,2519907,15347,0,PLAYING,0,949121,0
119.62,55.875,45.0,24.0,1.666015625,7896596,270628,71960,196456,2212,0,2543860,47368,34968,6,120596,28012,2523799,15347,0,PLAYING,0,952965,0
120.12,55.875,45.0,24.0,1.66943359375,7904380,270628,71960,196456,2212,0,2541812,47372,34972,6,120596,28012,2527689,15347,0,PLAYING,0,957012,0
120.62,55.375,45.0,20.0,2.27490234375,7900388,270628,71960,196456,2212,0,2543480,47372,34972,6,120596,28012,2531583,15347,0,PLAYING,0,960897,0
121.12,54.875,45.0,25.0,2.01708984375,7892900,270628,71960,196456,2212,0,2545964,47380,34980,6,120596,28012,2535479,15347,0,PLAYING,0,965000,0
121.62,55.25,44.0,21.0,2.228515625,7895832,270628,71960,196456,2212,0,2548012,47384,34984,6,120596,28012,2539370,15347,0,PLAYING,0,969145,0
122.12,55.125,44.0,20.0,2.06689453125,7902704,270628,71960,196456,2212,0,2545080,47384,34984,6,120596,28012,2543263,15347,0,PLAYING,0,973148,0
122.62,54.375,44.0,23.0,1.7080078125,7900124,270604,71960,196456,2188,0,2539820,47388,34988,6,120596,28012,2547159,15347,0,PLAYING,0,977049,0
123.12,54.5,44.0,26.0,2.46826171875,7890164,270604,71960,196456,2188,0,2539820,47388,34988,6,120596,28012,2551052,15347,0,PLAYING,0,981078,0
123.62,54.375,44.0,20.0,2.06689453125,7886008,270604,71960,196456,2188,0,2539820,47388,34988,6,120596,28012,2554946,15347,0,PLAYING,0,985110,0
124.12,55.25,44.0,24.0,1.96337890625,7893344,270628,71960,196456,2212,0,2545080,47388,34988,6,120596,28012,2558842,15347,0,PLAYING,0,989230,0
124.62,54.125,44.0,21.0,2.17822265625,7890972,270628,71960,196456,2212,0,2543032,47388,34988,6,120596,28012,2561961,15564,0,PAUSED_RECOVERING,0,993321,0
125.12,54.75,45.0,24.0,1.83251953125,7902988,270628,71960,196456,2212,0,2543860,47388,34988,6,120596,28012,2565855,15765,0,PLAYING,0,997236,0
125.62,55.625,45.0,24.0,1.6826171875,7889992,270628,71960,196456,2212,0,2541812,47388,34988,6,120596,28012,2569750,15765,0,PLAYING,0,1001064,0
126.12,55.5,45.0,23.0,1.6884765625,7899644,270628,71960,196456,2212,0,2538164,47388,34988,6,120596,28012,2573643,15765,0,PLAYING,0,1004920,0
126.62,56.0,45.0,24.0,1.7607421875,7898080,270628,71960,196456,2212,0,2543032,47392,34992,6,120596,28012,2577533,15765,0,PLAYING,0,1008991,0
127.12,54.75,44.0,20.0,1.79931640625,7896252,270604,71960,196456,2188,0,2543916,47392,34992,6,120596,28012,2581425,15765,0,PLAYING,0,1012970,0
127.62,55.875,45.0,26.0,1.6201171875,7896044,270628,71960,196456,2212,0,2541812,47516,35116,6,120596,28012,2585319,15765,0,PLAYING,0,1017057,0
128.13,55.375,44.0,22.0,1.52197265625,7890224,270628,71960,196456,2212,0,2550060,47516,35116,6,120596,28012,2589213,15765,0,PLAYING,0,1021121,0
128.63,56.0,45.0,24.0,1.76708984375,7899064,270628,71960,196456,2212,0,2543032,47516,35116,6,120596,28012,2593103,15765,0,PLAYING,0,1025046,0
129.13,54.5,45.0,25.0,1.7607421875,7898220,270604,71960,196456,2188,0,2539820,47516,35116,6,120596,28012,2596996,15765,0,PLAYING,0,1028905,0
129.63,54.625,45.0,24.0,1.71142578125,7890728,270604,71960,196456,2188,0,2539820,47516,35116,6,120596,28012,2600890,15765,0,PLAYING,0,1032896,0
130.13,54.75,45.0,24.0,1.8515625,7889900,270604,71960,196456,2188,0,2539820,47516,35116,6,120596,28012,2604782,15765,0,PLAYING,0,1036946,0
130.63,54.75,44.0,20.0,2.38818359375,7883704,270624,71960,196456,2208,0,2538992,47524,35124,6,120596,28012,2608674,15765,0,PLAYING,0,1040986,0
131.13,56.125,45.0,20.0,2.5009765625,7885936,270628,71960,196456,2212,0,2541812,47524,35124,6,120596,28012,2612567,15765,0,PLAYING,0,1045003,0
131.63,55.125,45.0,25.0,2.5322265625,7882936,270628,71960,196456,2212,0,2541812,47524,35124,6,120596,28012,2616458,15765,0,PLAYING,0,1048870,0
132.13,55.75,45.0,23.0,3.306640625,7883704,270628,71960,196456,2212,0,2543860,47524,35124,6,120596,28012,2620352,15765,0,PLAYING,0,1052677,0
132.63,55.25,44.0,21.0,2.65771484375,7888536,270628,71960,196456,2212,0,2547956,47524,35124,6,120596,28012,2624245,15765,0,PLAYING,0,1056593,0
133.13,56.5,45.0,25.0,2.58740234375,7881472,270628,71960,196456,2212,0,2543032,47524,35124,6,120596,28012,2628140,15765,0,PLAYING,0,1060648,0
133.63,54.75,45.0,22.0,2.62841796875,7882280,270792,71960,196644,2188,0,2539820,47524,35124,6,120596,28012,2632034,15765,0,PLAYING,0,1064617,0
134.13,55.875,45.0,19.0,2.146484375,7878416,270876,71960,196704,2212,0,2541812,47524,35124,6,120596,28012,2635926,15765,0,PLAYING,0,1068720,0
134.63,55.75,45.0,24.0,3.009765625,7879356,270876,71960,196704,2212,0,2543860,47524,35124,6,120596,28012,2639821,15765,0,PLAYING,0,1072850,0
135.13,54.625,45.0,25.0,2.39501953125,7868856,270844,71960,196704,2180,0,2539820,47532,35132,7,120596,28012,2643454,15765,0,PLAYING,0,1076713,0
135.63,54.375,44.0,24.0,2.0166015625,7870592,270852,71960,196704,2188,0,2539820,47528,35128,6,120596,28012,2647350,15765,0,PLAYING,0,1080695,0
136.13,54.625,44.0,24.0,1.947265625,7880692,270852,71960,196704,2188,0,2539820,47528,35128,6,120596,28012,2651242,15765,0,PLAYING,0,1084735,0
136.63,54.375,45.0,23.0,1.85400390625,7843792,270840,71960,196704,2176,0,2536944,47528,35128,6,120596,28012,2655135,15765,0,PLAYING,0,1088753,0
137.13,55.125,46.0,26.0,1.57861328125,7888680,270876,71960,196704,2212,0,2545080,47528,35128,6,120596,28012,2659032,15765,0,PLAYING,0,1092859,0
137.63,55.375,44.0,25.0,1.61962890625,7889248,270876,71960,196704,2212,0,2541812,47528,35128,6,120596,28012,2662923,15765,0,PLAYING,0,1096673,0
138.13,55.625,44.0,25.0,1.86865234375,7871528,270876,71960,196704,2212,0,2556148,47528,35128,6,120596,28012,2666816,15765,0,PLAYING,0,1100513,0
138.64,55.25,45.0,25.0,3.08154296875,7884092,270876,71960,196704,2212,0,2543032,47528,35128,6,120596,28012,2670708,15765,0,PLAYING,0,1104563,0
139.14,55.375,45.0,24.0,2.453125,7886300,270876,71960,196704,2212,0,2544248,47532,35132,6,120596,28012,2674600,15765,0,PLAYING,0,1108514,0
139.64,54.75,44.0,23.0,2.10498046875,7885292,270872,71960,196704,2208,0,2543088,47532,35132,6,120596,28012,2678493,15765,0,PLAYING,0,1112559,0
140.14,55.125,44.0,23.0,1.8974609375,7885232,271580,72664,196704,2212,0,2543736,47532,35132,6,120596,28012,2682387,15765,0,PLAYING,0,1116641,0
140.64,55.875,45.0,24.0,1.76611328125,7870300,271580,72664,196704,2212,0,2543736,47536,35136,6,120596,28012,2686276,15765,0,PLAYING,0,1120714,0
141.14,54.5,45.0,25.0,2.3232421875,7876352,271548,72664,196704,2180,0,2540524,47512,35112,6,120596,28012,2690169,15765,0,PLAYING,0,1124612,0
141.64,54.375,44.0,23.0,1.9306640625,7874420,271556,72664,196704,2188,0,2540524,47520,35120,6,120596,28012,2694060,15765,0,PLAYING,0,1128577,0
142.14,54.625,44.0,23.0,1.5625,7867344,271556,72664,196704,2188,0,2540524,47520,35120,6,120596,28012,2697953,15765,0,PLAYING,0,1132648,0
142.64,54.375,44.0,24.0,1.53857421875,7860456,271544,72664,196704,2176,0,2537648,47524,35124,6,120596,28012,2701846,15765,0,PLAYING,0,1136640,0
143.14,55.875,45.0,24.0,1.3828125,7876732,271580,72664,196704,2212,0,2542516,47524,35124,6,120596,28012,2705739,15765,0,PLAYING,0,1140689,0
143.64,55.0,44.0,24.0,1.3115234375,7872396,271580,72664,196704,2212,0,2541296,47524,35124,6,120596,28012,2709629,15765,0,PLAYING,0,1144568,0
144.14,55.5,45.0,24.0,1.8447265625,7879472,271580,72664,196704,2212,0,2542516,47528,35128,6,120596,28012,2713523,15765,0,PLAYING,0,1148387,0
144.64,54.75,44.0,20.0,1.58447265625,7864408,271580,72664,196704,2212,0,2548716,47528,35128,6,120596,28012,2717414,15765,0,PLAYING,0,1152370,0
145.14,55.25,44.0,22.0,1.7197265625,7874552,271580,72664,196704,2212,0,2543736,47528,35128,6,120596,28012,2721304,15765,0,PLAYING,0,1156370,0
145.64,54.375,44.0,21.0,1.51318359375,7867160,271572,72664,196704,2204,0,2543792,47532,35132,6,120596,28012,2725200,15765,0,PLAYING,0,1160404,0
146.14,56.0,44.0,24.0,1.86181640625,7872820,271580,72664,196704,2212,0,2545784,47532,35132,6,120596,28012,2729091,15765,0,PLAYING,0,1164437,0
146.64,55.0,45.0,24.0,2.109375,7874452,271580,72664,196704,2212,0,2543736,47532,35132,6,120596,28012,2732981,15765,0,PLAYING,0,1168555,0
147.14,55.375,45.0,27.0,1.90771484375,7875308,271648,72664,196772,2212,0,2545784,47536,35136,6,120596,28012,2736615,15765,0,PLAYING,0,1172477,0
147.64,54.125,44.0,25.0,1.66943359375,7870492,271628,72668,196772,2188,0,2540524,47536,35136,6,120596,28012,2740506,15765,0,PLAYING,0,1176351,0
148.14,53.5,43.0,23.0,1.5361328125,7864468,271628,72668,196772,2188,0,2540524,47536,35136,6,120596,28012,2743625,16180,0,PLAYING,0,1180316,0
148.64,54.25,44.0,23.0,1.45068359375,7857760,271628,72668,196772,2188,0,2540524,47536,35136,6,120596,28012,2747516,16180,0,PLAYING,0,1184354,0
149.15,54.125,44.0,23.0,2.21435546875,7865968,271628,72668,196772,2188,0,2537648,47548,35148,6,120596,28012,2751153,16180,0,PLAYING,0,1188396,0
149.65,55.75,44.0,23.0,1.876953125,7838344,271652,72668,196772,2212,0,2545784,47548,35148,6,120596,28012,2753745,16315,0,PLAYING,0,1192430,0
150.15,54.625,44.0,20.0,1.71923828125,7835704,271652,72668,196772,2212,0,2542516,47548,35148,6,120596,28012,2757638,16315,0,PLAYING,0,1196326,0
150.65,56.0,44.0,23.0,2.07275390625,7830560,271652,72668,196772,2212,0,2542516,47552,35152,6,120596,28012,2761529,16315,0,PLAYING,0,1200138,0
151.15,55.375,44.0,22.0,1.763671875,7820660,271652,72668,196772,2212,0,2549488,47552,35152,6,120596,28012,2764641,16729,0,PLAYING,0,1204118,0
151.65,55.75,44.0,21.0,1.7158203125,7858200,271652,72668,196772,2212,0,2542516,47552,35152,6,120596,28012,2768535,16729,0,PLAYING,0,1208207,0
152.15,51.0,43.0,21.0,1.671875,7863680,271652,72668,196772,2212,0,2542136,47552,35152,6,120596,28012,2769832,16943,0,PAUSED_RECOVERING,0,1211941,0
152.65,48.75,42.0,20.0,1.66259765625,7865180,271652,72668,196772,2212,0,2538476,47552,35152,6,120596,28012,2769832,16943,0,PAUSED_RECOVERING,0,1215545,0
153.15,48.875,43.0,19.0,1.52099609375,7858828,271652,72668,196772,2212,0,2547888,47656,35256,6,120004,27484,2770877,17763,0,PLAYING,1,1219115,0
153.65,53.125,43.0,24.0,1.45263671875,7860012,271652,72668,196772,2212,0,2546664,47660,35260,6,120380,27860,2774765,17763,0,PLAYING,1,1223218,0
154.15,54.75,44.0,24.0,2.11083984375,7866212,271652,72668,196772,2212,0,2540084,47660,35260,6,120380,27860,2778659,17763,0,PLAYING,1,1227235,0
154.65,55.5,44.0,21.0,1.8876953125,7866232,271652,72668,196772,2212,0,2544564,47660,35260,6,120424,27904,2782553,17763,0,PLAYING,1,1231348,0
155.15,54.0,45.0,25.0,2.34814453125,7867444,271628,72668,196772,2188,0,2540524,47668,35268,6,120424,27904,2786449,17763,0,PLAYING,1,1235235,0
155.65,54.25,45.0,24.0,2.49169921875,7865892,271628,72668,196772,2188,0,2540524,47668,35268,6,120424,27904,2790086,17763,0,PLAYING,1,1239256,0
156.15,54.375,44.0,20.0,2.52294921875,7862288,271628,72668,196772,2188,0,2540524,47668,35268,6,120424,27904,2793466,18180,0,PLAYING,1,1243284,0
156.65,53.875,43.0,21.0,2.38134765625,7864816,271624,72672,196772,2180,0,2538864,47668,35268,6,120424,27904,2797099,18180,0,PLAYING,1,1247305,0
157.15,55.25,44.0,23.0,2.25732421875,7935868,271656,72672,196772,2212,0,2537648,47672,35272,6,120464,27944,2800994,18180,0,PLAYING,1,1251374,0
157.65,55.125,44.0,23.0,3.17578125,7925284,271656,72672,196772,2212,0,2556852,47672,35272,6,120464,27944,2804888,18180,0,PLAYING,1,1255235,0
158.15,55.5,44.0,20.0,2.708984375,7966268,271656,72672,196772,2212,0,2542516,47672,35272,6,120464,27944,2808779,18180,0,PLAYING,1,1259075,0
158.65,55.125,45.0,25.0,2.31005859375,7958748,271656,72672,196772,2212,0,2543736,47672,35272,6,120464,27944,2812669,18180,0,PLAYING,1,1263134,0
159.15,54.75,44.0,22.0,2.294921875,7941844,271656,72672,196772,2212,0,2552376,47672,35272,6,120464,27944,2816560,18180,0,PLAYING,1,1267035,0
159.66,54.5,44.0,20.0,2.0732421875,7940172,271656,72672,196772,2212,0,2551984,47672,35272,6,120464,27944,2820456,18180,0,PLAYING,1,1271166,0
160.16,56.125,45.0,24.0,2.8037109375,7953004,271656,72672,196772,2212,0,2544564,47676,35276,6,120468,27948,2824351,18180,0,PLAYING,1,1275141,0
160.66,55.625,45.0,24.0,2.216796875,7957452,271656,72672,196772,2212,0,2544564,47676,35276,6,120504,27984,2828243,18180,0,PLAYING,1,1279243,0
161.16,54.375,44.0,24.0,1.91357421875,7947268,271612,72672,196772,2168,0,2540524,47680,35280,6,120508,27988,2832132,18180,0,PLAYING,1,1283128,0
161.66,54.25,45.0,24.0,3.27783203125,7947716,271632,72672,196772,2188,0,2540524,47680,35280,6,120508,27988,2836020,18180,0,PLAYING,1,1287098,0
162.16,54.125,44.0,20.0,2.830078125,7939364,271632,72672,196772,2188,0,2540524,47680,35280,6,120508,27988,2839915,18180,0,PLAYING,1,1291133,0
162.66,54.0,45.0,24.0,2.77734375,7942788,271632,72672,196772,2188,0,2540524,47680,35280,6,120508,27988,2843810,18180,0,PLAYING,1,1295130,0
163.16,55.75,45.0,24.0,2.48095703125,7949360,271656,72672,196772,2212,0,2543736,47680,35280,6,120508,27988,2847445,18180,0,PLAYING,1,1299195,0
163.66,55.0,45.0,24.0,2.49365234375,7951716,271656,72672,196772,2212,0,2543736,47684,35284,6,120508,27988,2851337,18180,0,PLAYING,1,1303085,0
164.16,55.75,44.0,24.0,2.09326171875,7958100,271656,72672,196772,2212,0,2543736,47684,35284,6,120508,27988,2855230,18180,0,PLAYING,1,1306926,0
164.66,55.375,44.0,24.0,2.0654296875,7948184,271656,72672,196772,2212,0,2540088,47684,35284,6,120508,27988,2859121,18180,0,PLAYING,1,1310824,0
165.16,55.625,44.0,21.0,2.0693359375,7948044,271656,72672,196772,2212,0,2542516,47688,35288,6,120508,27988,2862497,18180,0,PLAYING,1,1314876,0
165.66,54.625,45.0,23.0,2.65869140625,7947124,271632,72672,196772,2188,0,2544620,47688,35288,6,120508,27988,2866391,18180,0,PLAYING,1,1318844,0
166.16,55.625,45.0,24.0,2.43017578125,7957252,271656,72672,196772,2212,0,2543736,47688,35288,6,120508,27988,2870285,18180,0,PLAYING,1,1322961,0
166.66,55.125,45.0,23.0,2.29443359375,7952444,271656,72672,196772,2212,0,2542516,47692,35292,6,120508,27988,2873918,18180,0,PLAYING,1,1327087,0
167.16,55.0,44.0,20.0,1.919921875,7952356,271656,72672,196772,2212,0,2542136,47692,35292,6,120508,27988,2877827,18180,0,PLAYING,1,1331007,0
167.66,54.0,44.0,25.0,2.197265625,7947224,271632,72672,196772,2188,0,2540524,47696,35296,6,120508,27988,2881734,18180,0,PLAYING,1,1334894,0
168.16,54.25,44.0,23.0,2.73046875,7949220,271632,72672,196772,2188,0,2540524,47696,35296,6,120508,27988,2885642,18180,0,PLAYING,1,1338917,0
168.66,54.125,44.0,24.0,2.2294921875,7943836,271632,72672,196772,2188,0,2540524,47696,35296,6,120508,27988,2889550,18180,0,PLAYING,1,1342935,0
169.16,53.625,44.0,23.0,2.26171875,7945964,271652,72672,196772,2208,0,2543792,47696,35296,6,120508,27988,2892939,18597,0,PLAYING,1,1347046,0
169.66,55.375,44.0,24.0,2.44970703125,7955052,271656,72672,196772,2212,0,2545784,47696,35296,6,120508,27988,2896843,18597,0,PLAYING,1,1351095,0
170.17,55.0,44.0,22.0,2.26513671875,7958216,271656,72672,196772,2212,0,2542516,47700,35300,6,120508,27988,2900750,18597,0,PLAYING,1,1354969,0
170.67,55.375,45.0,25.0,2.63671875,7951044,271656,72672,196772,2212,0,2542516,47700,35300,6,120508,27988,2904657,18597,0,PLAYING,1,1358801,0
171.17,55.125,45.0,25.0,2.4111328125,7940644,271656,72672,196772,2212,0,2548716,47700,35300,6,120508,27988,2908562,18597,0,PLAYING,1,1362731,0
171.67,55.75,45.0,24.0,2.34912109375,7945652,271656,72672,196772,2212,0,2545784,47704,35304,6,120508,27988,2912468,18597,0,PLAYING,1,1366725,0
172.17,54.625,44.0,22.0,2.15869140625,7943144,271632,72672,196772,2188,0,2544620,47708,35308,6,120508,27988,2916378,18597,0,PLAYING,1,1370726,0
172.67,55.625,45.0,23.0,2.04736328125,7947804,271656,72672,196772,2212,0,2542516,47708,35308,6,120508,27988,2920287,18597,0,PLAYING,1,1374828,0
173.17,55.25,44.0,20.0,1.947265625,7945420,271656,72672,196772,2212,0,2544184,47708,35308,6,120524,28004,2923414,18597,0,PLAYING,1,1378843,0
173.67,55.25,44.0,24.0,1.8896484375,7969300,271656,72672,196772,2212,0,2545784,47708,35308,6,120524,28004,2923676,18597,0,PLAYING,1,1382897,0
174.17,54.125,43.0,22.0,1.7861328125,7948608,271632,72672,196772,2188,0,2540524,47712,35312,6,120524,28004,2927325,18732,0,PLAYING,0,1386778,0
174.67,53.75,45.0,23.0,1.6708984375,7960568,271632,72672,196772,2188,0,2540524,47712,35312,6,120524,28004,2931231,18732,0,PLAYING,0,1390768,0
175.17,53.875,44.0,21.0,1.8876953125,7955644,271632,72672,196772,2188,0,2540524,47712,35312,6,120524,28004,2933577,18867,0,PLAYING,0,1394845,0
175.67,54.0,43.0,20.0,1.8466796875,7944148,271656,72672,196772,2212,0,2549936,47712,35312,6,120524,28004,2934097,18867,0,PLAYING,0,1398958,0
176.17,54.625,43.0,22.0,1.8896484375,7957856,271656,72672,196772,2212,0,2540088,47712,35312,6,120524,28004,2935140,19002,0,PLAYING,0,1402887,0
176.67,55.5,44.0,25.0,1.95166015625,7951484,271656,72672,196772,2212,0,2554804,47716,35316,6,120524,28004,2938527,19002,0,PLAYING,0,1406720,0
177.17,55.75,44.0,24.0,2.12841796875,7966200,271656,72672,196772,2212,0,2544564,47716,35316,6,120524,28004,2942433,19002,0,PLAYING,0,1410599,0
177.67,55.625,45.0,24.0,2.51025390625,7966268,271656,72672,196772,2212,0,2542516,47720,35320,6,120524,28004,2946342,19002,0,PLAYING,0,1414648,0
178.17,54.5,44.0,26.0,2.22265625,7955976,271596,72672,196772,2152,0,2543792,47720,35320,6,120524,28004,2950251,19002,0,PLAYING,0,1418561,0
178.67,54.75,44.0,24.0,2.62109375,7958660,271656,72672,196772,2212,0,2542516,47724,35324,6,120524,28004,2954158,19002,0,PLAYING,0,1422750,0
179.17,56.125,45.0,24.0,2.5068359375,7955752,271656,72672,196772,2212,0,2544564,47724,35324,6,120524,28004,2958066,19002,0,PLAYING,0,1426655,0
179.67,55.75,45.0,24.0,2.2529296875,7954440,271656,72672,196772,2212,0,2544564,47724,35324,6,120524,28004,2961714,19002,0,PLAYING,0,1430759,0
